[
  {
    "key": "css:S4655",
    "name": "\"!important\" should not be used on \"keyframes\"",
    "severity": "MAJOR",
    "status": "READY",
    "isTemplate": false,
    "tags": [],
    "sysTags": [],
    "lang": "css",
    "langName": "CSS",
    "type": "BUG"
  },
  {
    "key": "php:S2014",
    "name": "\"$this\" should not be used in a static context",
    "severity": "BLOCKER",
    "status": "READY",
    "isTemplate": false,
    "tags": [],
    "sysTags": [],
    "lang": "php",
    "langName": "PHP",
    "type": "BUG"
  },
  {
    "key": "php:S2010",
    "name": "\"&&\" and \"||\" should be used",
    "severity": "MINOR",
    "status": "READY",
    "isTemplate": false,
    "tags": [],
    "sysTags": [
      "suspicious"
    ],
    "lang": "php",
    "langName": "PHP",
    "type": "CODE_SMELL"
  },
  {
    "key": "java:S2204",
    "name": "\".equals()\" should not be used to test the values of \"Atomic\" classes",
    "severity": "MAJOR",
    "status": "READY",
    "isTemplate": false,
    "tags": [],
    "sysTags": [
      "multi-threading"
    ],
    "lang": "java",
    "langName": "Java",
    "type": "BUG"
  },
  {
    "key": "Web:DoctypePresenceCheck",
    "name": "\"<!DOCTYPE>\" declarations should appear before \"<html>\" tags",
    "severity": "MAJOR",
    "status": "READY",
    "isTemplate": false,
    "tags": [],
    "sysTags": [
      "user-experience"
    ],
    "lang": "web",
    "langName": "HTML",
    "type": "BUG"
  },
  {
    "key": "python:InequalityUsage",
    "name": "\"<>\" should not be used to test inequality",
    "severity": "MAJOR",
    "status": "READY",
    "isTemplate": false,
    "tags": [],
    "sysTags": [
      "obsolete"
    ],
    "lang": "py",
    "langName": "Python",
    "type": "CODE_SMELL"
  },
  {
    "key": "php:S1757",
    "name": "\"<?php\" and \"<?=\" tags should be used",
    "severity": "MINOR",
    "status": "READY",
    "isTemplate": false,
    "tags": [],
    "sysTags": [
      "convention",
      "psr1"
    ],
    "lang": "php",
    "langName": "PHP",
    "type": "CODE_SMELL"
  },
  {
    "key": "Web:FieldsetWithoutLegendCheck",
    "name": "\"<fieldset>\" tags should contain a \"<legend>\"",
    "severity": "MINOR",
    "status": "READY",
    "isTemplate": false,
    "tags": [],
    "sysTags": [
      "accessibility"
    ],
    "lang": "web",
    "langName": "HTML",
    "type": "BUG"
  },
  {
    "key": "Web:FrameWithoutTitleCheck",
    "name": "\"<frames>\" should have a \"title\" attribute",
    "severity": "MINOR",
    "status": "READY",
    "isTemplate": false,
    "tags": [],
    "sysTags": [
      "accessibility"
    ],
    "lang": "web",
    "langName": "HTML",
    "type": "BUG"
  },
  {
    "key": "Web:S5254",
    "name": "\"<html>\" element should have a language attribute",
    "severity": "MAJOR",
    "status": "READY",
    "isTemplate": false,
    "tags": [],
    "sysTags": [
      "accessibility",
      "wcag2-a"
    ],
    "lang": "web",
    "langName": "HTML",
    "type": "BUG"
  },
  {
    "key": "Web:ItemTagNotWithinContainerTagCheck",
    "name": "\"<li>\" and \"<dt>\" item tags should be in \"<ul>\", \"<ol>\" or \"<dl>\" container tags",
    "severity": "MINOR",
    "status": "READY",
    "isTemplate": false,
    "tags": [],
    "sysTags": [],
    "lang": "web",
    "langName": "HTML",
    "type": "BUG"
  },
  {
    "key": "Web:S5264",
    "name": "\"<object>\" tags should provide an alternative content",
    "severity": "MINOR",
    "status": "READY",
    "isTemplate": false,
    "tags": [],
    "sysTags": [
      "accessibility",
      "wcag2-a"
    ],
    "lang": "web",
    "langName": "HTML",
    "type": "CODE_SMELL"
  },
  {
    "key": "Web:BoldAndItalicTagsCheck",
    "name": "\"<strong>\" and \"<em>\" tags should be used",
    "severity": "MINOR",
    "status": "READY",
    "isTemplate": false,
    "tags": [],
    "sysTags": [
      "accessibility"
    ],
    "lang": "web",
    "langName": "HTML",
    "type": "BUG"
  },
  {
    "key": "Web:TableWithoutCaptionCheck",
    "name": "\"<table>\" tags should have a description",
    "severity": "MINOR",
    "status": "READY",
    "isTemplate": false,
    "tags": [],
    "sysTags": [
      "accessibility",
      "wcag2-a"
    ],
    "lang": "web",
    "langName": "HTML",
    "type": "BUG"
  },
  {
    "key": "Web:TableHeaderHasIdOrScopeCheck",
    "name": "\"<th>\" tags should have \"id\" or \"scope\" attributes",
    "severity": "MAJOR",
    "status": "READY",
    "isTemplate": false,
    "tags": [],
    "sysTags": [
      "accessibility",
      "wcag2-a"
    ],
    "lang": "web",
    "langName": "HTML",
    "type": "BUG"
  },
  {
    "key": "Web:PageWithoutTitleCheck",
    "name": "\"<title>\" should be present in all pages",
    "severity": "MAJOR",
    "status": "READY",
    "isTemplate": false,
    "tags": [],
    "sysTags": [
      "user-experience"
    ],
    "lang": "web",
    "langName": "HTML",
    "type": "BUG"
  },
  {
    "key": "vbnet:S2757",
    "name": "\"=+\" should not be used instead of \"+=\"",
    "severity": "MAJOR",
    "status": "READY",
    "isTemplate": false,
    "tags": [],
    "sysTags": [],
    "lang": "vbnet",
    "langName": "VB.NET",
    "type": "BUG"
  },
  {
    "key": "ruby:S2757",
    "name": "\"=+\" should not be used instead of \"+=\"",
    "severity": "MAJOR",
    "status": "READY",
    "isTemplate": false,
    "tags": [],
    "sysTags": [],
    "lang": "ruby",
    "langName": "Ruby",
    "type": "BUG"
  },
  {
    "key": "php:S2757",
    "name": "\"=+\" should not be used instead of \"+=\"",
    "severity": "MAJOR",
    "status": "READY",
    "isTemplate": false,
    "tags": [],
    "sysTags": [],
    "lang": "php",
    "langName": "PHP",
    "type": "BUG"
  },
  {
    "key": "python:S2757",
    "name": "\"=+\" should not be used instead of \"+=\"",
    "severity": "MAJOR",
    "status": "READY",
    "isTemplate": false,
    "tags": [],
    "sysTags": [],
    "lang": "py",
    "langName": "Python",
    "type": "BUG"
  },
  {
    "key": "csharpsquid:S2757",
    "name": "\"=+\" should not be used instead of \"+=\"",
    "severity": "MAJOR",
    "status": "READY",
    "isTemplate": false,
    "tags": [],
    "sysTags": [],
    "lang": "cs",
    "langName": "C#",
    "type": "BUG"
  },
  {
    "key": "kotlin:S2757",
    "name": "\"=+\" should not be used instead of \"+=\"",
    "severity": "MAJOR",
    "status": "READY",
    "isTemplate": false,
    "tags": [],
    "sysTags": [],
    "lang": "kotlin",
    "langName": "Kotlin",
    "type": "BUG"
  },
  {
    "key": "go:S2757",
    "name": "\"=+\" should not be used instead of \"+=\"",
    "severity": "MAJOR",
    "status": "READY",
    "isTemplate": false,
    "tags": [],
    "sysTags": [],
    "lang": "go",
    "langName": "Go",
    "type": "BUG"
  },
  {
    "key": "java:S2757",
    "name": "\"=+\" should not be used instead of \"+=\"",
    "severity": "MAJOR",
    "status": "READY",
    "isTemplate": false,
    "tags": [],
    "sysTags": [],
    "lang": "java",
    "langName": "Java",
    "type": "BUG"
  },
  {
    "key": "java:S1698",
    "name": "\"==\" and \"!=\" should not be used when \"equals\" is overridden",
    "severity": "MINOR",
    "status": "READY",
    "isTemplate": false,
    "tags": [],
    "sysTags": [
      "cert",
      "cwe",
      "suspicious"
    ],
    "lang": "java",
    "langName": "Java",
    "type": "CODE_SMELL"
  },
  {
    "key": "csharpsquid:S1698",
    "name": "\"==\" should not be used when \"Equals\" is overridden",
    "severity": "MINOR",
    "status": "READY",
    "isTemplate": false,
    "tags": [],
    "sysTags": [
      "cwe",
      "suspicious"
    ],
    "lang": "cs",
    "langName": "C#",
    "type": "CODE_SMELL"
  },
  {
    "key": "javascript:S1440",
    "name": "\"===\" and \"!==\" should be used instead of \"==\" and \"!=\"",
    "severity": "MAJOR",
    "status": "READY",
    "isTemplate": false,
    "tags": [],
    "sysTags": [
      "suspicious"
    ],
    "lang": "js",
    "langName": "JavaScript",
    "type": "CODE_SMELL"
  },
  {
    "key": "flex:S1440",
    "name": "\"===\" and \"!==\" should be used instead of \"==\" and \"!=\"",
    "severity": "MAJOR",
    "status": "READY",
    "isTemplate": false,
    "tags": [],
    "sysTags": [
      "suspicious"
    ],
    "lang": "flex",
    "langName": "Flex",
    "type": "CODE_SMELL"
  },
  {
    "key": "typescript:S1440",
    "name": "\"===\" and \"!==\" should be used instead of \"==\" and \"!=\"",
    "severity": "MAJOR",
    "status": "READY",
    "isTemplate": false,
    "tags": [],
    "sysTags": [
      "suspicious"
    ],
    "lang": "ts",
    "langName": "TypeScript",
    "type": "CODE_SMELL"
  },
  {
    "key": "java:S4682",
    "name": "\"@CheckForNull\" or \"@Nullable\" should not be used on primitive types",
    "severity": "MINOR",
    "status": "READY",
    "isTemplate": false,
    "tags": [],
    "sysTags": [],
    "lang": "java",
    "langName": "Java",
    "type": "CODE_SMELL"
  },
  {
    "key": "java:S3753",
    "name": "\"@Controller\" classes that use \"@SessionAttributes\" must call \"setComplete\" on their \"SessionStatus\" objects",
    "severity": "BLOCKER",
    "status": "READY",
    "isTemplate": false,
    "tags": [],
    "sysTags": [
      "spring"
    ],
    "lang": "java",
    "langName": "Java",
    "type": "BUG"
  },
  {
    "key": "java:S5738",
    "name": "\"@Deprecated\" code marked for removal should never be used",
    "severity": "MAJOR",
    "status": "READY",
    "isTemplate": false,
    "tags": [],
    "sysTags": [
      "cert",
      "cwe",
      "obsolete"
    ],
    "lang": "java",
    "langName": "Java",
    "type": "CODE_SMELL"
  },
  {
    "key": "java:S1874",
    "name": "\"@Deprecated\" code should not be used",
    "severity": "MINOR",
    "status": "READY",
    "isTemplate": false,
    "tags": [],
    "sysTags": [
      "cert",
      "cwe",
      "obsolete"
    ],
    "lang": "java",
    "langName": "Java",
    "type": "CODE_SMELL"
  },
  {
    "key": "java:S4604",
    "name": "\"@EnableAutoConfiguration\" should be fine-tuned",
    "severity": "MAJOR",
    "status": "READY",
    "isTemplate": false,
    "tags": [],
    "sysTags": [
      "performance",
      "spring"
    ],
    "lang": "java",
    "langName": "Java",
    "type": "CODE_SMELL"
  },
  {
    "key": "java:S4603",
    "name": "\"@Import\"s should be preferred to \"@ComponentScan\"s",
    "severity": "MAJOR",
    "status": "READY",
    "isTemplate": false,
    "tags": [],
    "sysTags": [
      "performance",
      "spring"
    ],
    "lang": "java",
    "langName": "Java",
    "type": "CODE_SMELL"
  },
  {
    "key": "java:S2637",
    "name": "\"@NonNull\" values should not be set to null",
    "severity": "MINOR",
    "status": "READY",
    "isTemplate": false,
    "tags": [],
    "sysTags": [
      "cert",
      "cwe"
    ],
    "lang": "java",
    "langName": "Java",
    "type": "BUG"
  },
  {
    "key": "java:S1161",
    "name": "\"@Override\" should be used on overriding and implementing methods",
    "severity": "MAJOR",
    "status": "READY",
    "isTemplate": false,
    "tags": [],
    "sysTags": [
      "bad-practice"
    ],
    "lang": "java",
    "langName": "Java",
    "type": "CODE_SMELL"
  },
  {
    "key": "java:S3751",
    "name": "\"@RequestMapping\" methods should be \"public\"",
    "severity": "MAJOR",
    "status": "READY",
    "isTemplate": false,
    "tags": [],
    "sysTags": [
      "owasp-a6",
      "spring"
    ],
    "lang": "java",
    "langName": "Java",
    "type": "VULNERABILITY"
  },
  {
    "key": "java:S4602",
    "name": "\"@SpringBootApplication\" and \"@ComponentScan\" should not be used in the default package",
    "severity": "BLOCKER",
    "status": "READY",
    "isTemplate": false,
    "tags": [],
    "sysTags": [
      "spring"
    ],
    "lang": "java",
    "langName": "Java",
    "type": "BUG"
  },
  {
    "key": "csharpsquid:S3451",
    "name": "\"[DefaultValue]\" should not be used when \"[DefaultParameterValue]\" is meant",
    "severity": "CRITICAL",
    "status": "READY",
    "isTemplate": false,
    "tags": [],
    "sysTags": [
      "suspicious"
    ],
    "lang": "cs",
    "langName": "C#",
    "type": "CODE_SMELL"
  },
  {
    "key": "csharpsquid:S3431",
    "name": "\"[ExpectedException]\" should not be used",
    "severity": "MAJOR",
    "status": "READY",
    "isTemplate": false,
    "tags": [],
    "sysTags": [
      "tests"
    ],
    "lang": "cs",
    "langName": "C#",
    "type": "CODE_SMELL"
  },
  {
    "key": "csharpsquid:S3447",
    "name": "\"[Optional]\" should not be used on \"ref\" or \"out\" parameters",
    "severity": "CRITICAL",
    "status": "READY",
    "isTemplate": false,
    "tags": [],
    "sysTags": [
      "pitfall"
    ],
    "lang": "cs",
    "langName": "C#",
    "type": "CODE_SMELL"
  },
  {
    "key": "python:S1717",
    "name": "\"\\\" should only be used as an escape character outside of raw strings",
    "severity": "MAJOR",
    "status": "DEPRECATED",
    "isTemplate": false,
    "tags": [],
    "sysTags": [],
    "lang": "py",
    "langName": "Python",
    "type": "BUG"
  },
  {
    "key": "php:S1605",
    "name": "\"__construct\" functions should not make PHP 4-style calls to parent constructors",
    "severity": "MAJOR",
    "status": "READY",
    "isTemplate": false,
    "tags": [],
    "sysTags": [
      "convention"
    ],
    "lang": "php",
    "langName": "PHP",
    "type": "CODE_SMELL"
  },
  {
    "key": "python:S2733",
    "name": "\"__exit__\" should accept type, value, and traceback arguments",
    "severity": "BLOCKER",
    "status": "DEPRECATED",
    "isTemplate": false,
    "tags": [],
    "sysTags": [],
    "lang": "py",
    "langName": "Python",
    "type": "BUG"
  },
  {
    "key": "python:S2734",
    "name": "\"__init__\" should not return a value",
    "severity": "BLOCKER",
    "status": "READY",
    "isTemplate": false,
    "tags": [],
    "sysTags": [],
    "lang": "py",
    "langName": "Python",
    "type": "BUG"
  },
  {
    "key": "csharpsquid:S3442",
    "name": "\"abstract\" classes should not have \"public\" constructors",
    "severity": "MAJOR",
    "status": "READY",
    "isTemplate": false,
    "tags": [],
    "sysTags": [
      "confusing"
    ],
    "lang": "cs",
    "langName": "C#",
    "type": "CODE_SMELL"
  },
  {
    "key": "java:S3373",
    "name": "\"action\" mappings should not have too many \"forward\" entries",
    "severity": "MINOR",
    "status": "READY",
    "isTemplate": false,
    "tags": [],
    "sysTags": [
      "brain-overload",
      "struts"
    ],
    "lang": "java",
    "langName": "Java",
    "type": "CODE_SMELL"
  },
  {
    "key": "java:S5301",
    "name": "\"ActiveMQConnectionFactory\" should not be vulnerable to malicious code deserialization",
    "severity": "MINOR",
    "status": "READY",
    "isTemplate": false,
    "tags": [],
    "sysTags": [
      "cwe",
      "owasp-a8"
    ],
    "lang": "java",
    "langName": "Java",
    "type": "VULNERABILITY"
  },
  {
    "key": "javascript:S1442",
    "name": "\"alert(...)\" should not be used",
    "severity": "MINOR",
    "status": "DEPRECATED",
    "isTemplate": false,
    "tags": [],
    "sysTags": [],
    "lang": "js",
    "langName": "JavaScript",
    "type": "VULNERABILITY"
  },
  {
    "key": "flex:S1442",
    "name": "\"Alert.show(...)\" should not be used",
    "severity": "MINOR",
    "status": "DEPRECATED",
    "isTemplate": false,
    "tags": [],
    "sysTags": [],
    "lang": "flex",
    "langName": "Flex",
    "type": "VULNERABILITY"
  },
  {
    "key": "php:S3334",
    "name": "\"allow_url_fopen\" and \"allow_url_include\" should be disabled",
    "severity": "BLOCKER",
    "status": "READY",
    "isTemplate": false,
    "tags": [],
    "sysTags": [
      "cwe",
      "owasp-a1",
      "php-ini",
      "sans-top25-risky"
    ],
    "lang": "php",
    "langName": "PHP",
    "type": "VULNERABILITY"
  },
  {
    "key": "csharpsquid:S1155",
    "name": "\"Any()\" should be used to test for emptiness",
    "severity": "MINOR",
    "status": "READY",
    "isTemplate": false,
    "tags": [],
    "sysTags": [
      "clumsy"
    ],
    "lang": "cs",
    "langName": "C#",
    "type": "CODE_SMELL"
  },
  {
    "key": "typescript:S3513",
    "name": "\"arguments\" should not be accessed directly",
    "severity": "MAJOR",
    "status": "READY",
    "isTemplate": false,
    "tags": [],
    "sysTags": [
      "api-design",
      "es2015"
    ],
    "lang": "ts",
    "langName": "TypeScript",
    "type": "CODE_SMELL"
  },
  {
    "key": "javascript:S3513",
    "name": "\"arguments\" should not be accessed directly",
    "severity": "MAJOR",
    "status": "READY",
    "isTemplate": false,
    "tags": [],
    "sysTags": [
      "api-design",
      "es2015"
    ],
    "lang": "js",
    "langName": "JavaScript",
    "type": "CODE_SMELL"
  },
  {
    "key": "typescript:S2685",
    "name": "\"arguments.caller\" and \"arguments.callee\" should not be used",
    "severity": "MAJOR",
    "status": "READY",
    "isTemplate": false,
    "tags": [],
    "sysTags": [
      "obsolete"
    ],
    "lang": "ts",
    "langName": "TypeScript",
    "type": "CODE_SMELL"
  },
  {
    "key": "javascript:S2685",
    "name": "\"arguments.caller\" and \"arguments.callee\" should not be used",
    "severity": "MAJOR",
    "status": "READY",
    "isTemplate": false,
    "tags": [],
    "sysTags": [
      "obsolete"
    ],
    "lang": "js",
    "langName": "JavaScript",
    "type": "CODE_SMELL"
  },
  {
    "key": "Web:S5255",
    "name": "\"aria-label\" or \"aria-labelledby\" attributes should be used to differentiate similar elements",
    "severity": "MAJOR",
    "status": "READY",
    "isTemplate": false,
    "tags": [],
    "sysTags": [
      "accessibility",
      "wcag2-a"
    ],
    "lang": "web",
    "langName": "HTML",
    "type": "CODE_SMELL"
  },
  {
    "key": "java:S3631",
    "name": "\"Arrays.stream\" should be used for primitive arrays",
    "severity": "MAJOR",
    "status": "READY",
    "isTemplate": false,
    "tags": [],
    "sysTags": [
      "performance"
    ],
    "lang": "java",
    "langName": "Java",
    "type": "CODE_SMELL"
  },
  {
    "key": "csharpsquid:S3902",
    "name": "\"Assembly.GetExecutingAssembly\" should not be called",
    "severity": "MAJOR",
    "status": "READY",
    "isTemplate": false,
    "tags": [],
    "sysTags": [
      "performance"
    ],
    "lang": "cs",
    "langName": "C#",
    "type": "CODE_SMELL"
  },
  {
    "key": "csharpsquid:S3885",
    "name": "\"Assembly.Load\" should be used",
    "severity": "MAJOR",
    "status": "READY",
    "isTemplate": false,
    "tags": [],
    "sysTags": [
      "unpredictable"
    ],
    "lang": "cs",
    "langName": "C#",
    "type": "CODE_SMELL"
  },
  {
    "key": "csharpsquid:S2306",
    "name": "\"async\" and \"await\" should not be used as identifiers",
    "severity": "BLOCKER",
    "status": "READY",
    "isTemplate": false,
    "tags": [],
    "sysTags": [
      "pitfall"
    ],
    "lang": "cs",
    "langName": "C#",
    "type": "CODE_SMELL"
  },
  {
    "key": "csharpsquid:S3168",
    "name": "\"async\" methods should not return \"void\"",
    "severity": "MAJOR",
    "status": "READY",
    "isTemplate": false,
    "tags": [],
    "sysTags": [
      "async-await",
      "multi-threading"
    ],
    "lang": "cs",
    "langName": "C#",
    "type": "BUG"
  },
  {
    "key": "css:S4662",
    "name": "\"at-rules\" should be valid",
    "severity": "MAJOR",
    "status": "READY",
    "isTemplate": false,
    "tags": [],
    "sysTags": [],
    "lang": "css",
    "langName": "CSS",
    "type": "BUG"
  },
  {
    "key": "typescript:S4326",
    "name": "\"await\" should not be used redundantly",
    "severity": "MINOR",
    "status": "READY",
    "isTemplate": false,
    "tags": [],
    "sysTags": [
      "redundant"
    ],
    "lang": "ts",
    "langName": "TypeScript",
    "type": "CODE_SMELL"
  },
  {
    "key": "javascript:S4326",
    "name": "\"await\" should not be used redundantly",
    "severity": "MINOR",
    "status": "READY",
    "isTemplate": false,
    "tags": [],
    "sysTags": [
      "redundant"
    ],
    "lang": "js",
    "langName": "JavaScript",
    "type": "CODE_SMELL"
  },
  {
    "key": "typescript:S4123",
    "name": "\"await\" should only be used with promises",
    "severity": "CRITICAL",
    "status": "READY",
    "isTemplate": false,
    "tags": [],
    "sysTags": [
      "confusing"
    ],
    "lang": "ts",
    "langName": "TypeScript",
    "type": "CODE_SMELL"
  },
  {
    "key": "javascript:S4123",
    "name": "\"await\" should only be used with promises",
    "severity": "CRITICAL",
    "status": "READY",
    "isTemplate": false,
    "tags": [],
    "sysTags": [
      "confusing"
    ],
    "lang": "js",
    "langName": "JavaScript",
    "type": "CODE_SMELL"
  },
  {
    "key": "csharpsquid:S3397",
    "name": "\"base.Equals\" should not be used to check for reference equality in \"Equals\" if \"base\" is not \"object\"",
    "severity": "MINOR",
    "status": "READY",
    "isTemplate": false,
    "tags": [],
    "sysTags": [],
    "lang": "cs",
    "langName": "C#",
    "type": "BUG"
  },
  {
    "key": "java:S5128",
    "name": "\"Bean Validation\" (JSR 380) should be properly configured",
    "severity": "CRITICAL",
    "status": "READY",
    "isTemplate": false,
    "tags": [],
    "sysTags": [],
    "lang": "java",
    "langName": "Java",
    "type": "CODE_SMELL"
  },
  {
    "key": "java:S2111",
    "name": "\"BigDecimal(double)\" should not be used",
    "severity": "MAJOR",
    "status": "READY",
    "isTemplate": false,
    "tags": [],
    "sysTags": [
      "cert"
    ],
    "lang": "java",
    "langName": "Java",
    "type": "BUG"
  },
  {
    "key": "python:S1716",
    "name": "\"break\" and \"continue\" should not be used outside a loop",
    "severity": "CRITICAL",
    "status": "READY",
    "isTemplate": false,
    "tags": [],
    "sysTags": [],
    "lang": "py",
    "langName": "Python",
    "type": "BUG"
  },
  {
    "key": "vbnet:S3860",
    "name": "\"ByVal\" should not be used",
    "severity": "MINOR",
    "status": "READY",
    "isTemplate": false,
    "tags": [],
    "sysTags": [
      "clumsy"
    ],
    "lang": "vbnet",
    "langName": "VB.NET",
    "type": "CODE_SMELL"
  },
  {
    "key": "css:S4650",
    "name": "\"calc\" operands should be correctly spaced",
    "severity": "BLOCKER",
    "status": "READY",
    "isTemplate": false,
    "tags": [],
    "sysTags": [],
    "lang": "css",
    "langName": "CSS",
    "type": "BUG"
  },
  {
    "key": "ruby:S1151",
    "name": "\"case when\" clauses should not have too many lines of code",
    "severity": "MAJOR",
    "status": "READY",
    "isTemplate": false,
    "tags": [],
    "sysTags": [
      "brain-overload"
    ],
    "lang": "ruby",
    "langName": "Ruby",
    "type": "CODE_SMELL"
  },
  {
    "key": "ruby:S131",
    "name": "\"case\" statements should have \"else\" clauses",
    "severity": "CRITICAL",
    "status": "READY",
    "isTemplate": false,
    "tags": [],
    "sysTags": [
      "cwe"
    ],
    "lang": "ruby",
    "langName": "Ruby",
    "type": "CODE_SMELL"
  },
  {
    "key": "ruby:S1821",
    "name": "\"case\" statements should not be nested",
    "severity": "CRITICAL",
    "status": "READY",
    "isTemplate": false,
    "tags": [],
    "sysTags": [
      "pitfall"
    ],
    "lang": "ruby",
    "langName": "Ruby",
    "type": "CODE_SMELL"
  },
  {
    "key": "ruby:S1479",
    "name": "\"case\" statements should not have too many \"when\" clauses",
    "severity": "MAJOR",
    "status": "READY",
    "isTemplate": false,
    "tags": [],
    "sysTags": [
      "brain-overload"
    ],
    "lang": "ruby",
    "langName": "Ruby",
    "type": "CODE_SMELL"
  },
  {
    "key": "java:S2737",
    "name": "\"catch\" clauses should do more than rethrow",
    "severity": "MINOR",
    "status": "READY",
    "isTemplate": false,
    "tags": [],
    "sysTags": [
      "clumsy",
      "error-handling",
      "finding",
      "unused"
    ],
    "lang": "java",
    "langName": "Java",
    "type": "CODE_SMELL"
  },
  {
    "key": "csharpsquid:S2737",
    "name": "\"catch\" clauses should do more than rethrow",
    "severity": "MINOR",
    "status": "READY",
    "isTemplate": false,
    "tags": [],
    "sysTags": [
      "clumsy",
      "error-handling",
      "finding",
      "unused"
    ],
    "lang": "cs",
    "langName": "C#",
    "type": "CODE_SMELL"
  },
  {
    "key": "php:S2737",
    "name": "\"catch\" clauses should do more than rethrow",
    "severity": "MINOR",
    "status": "READY",
    "isTemplate": false,
    "tags": [],
    "sysTags": [
      "clumsy",
      "error-handling",
      "finding",
      "unused"
    ],
    "lang": "php",
    "langName": "PHP",
    "type": "CODE_SMELL"
  },
  {
    "key": "typescript:S2737",
    "name": "\"catch\" clauses should do more than rethrow",
    "severity": "MINOR",
    "status": "READY",
    "isTemplate": false,
    "tags": [],
    "sysTags": [
      "clumsy",
      "error-handling",
      "finding",
      "unused"
    ],
    "lang": "ts",
    "langName": "TypeScript",
    "type": "CODE_SMELL"
  },
  {
    "key": "vbnet:S2737",
    "name": "\"catch\" clauses should do more than rethrow",
    "severity": "MINOR",
    "status": "READY",
    "isTemplate": false,
    "tags": [],
    "sysTags": [
      "clumsy",
      "error-handling",
      "finding",
      "unused"
    ],
    "lang": "vbnet",
    "langName": "VB.NET",
    "type": "CODE_SMELL"
  },
  {
    "key": "javascript:S2737",
    "name": "\"catch\" clauses should do more than rethrow",
    "severity": "MINOR",
    "status": "READY",
    "isTemplate": false,
    "tags": [],
    "sysTags": [
      "clumsy",
      "error-handling",
      "finding",
      "unused"
    ],
    "lang": "js",
    "langName": "JavaScript",
    "type": "CODE_SMELL"
  },
  {
    "key": "php:S3335",
    "name": "\"cgi.force_redirect\" should be enabled",
    "severity": "MAJOR",
    "status": "READY",
    "isTemplate": false,
    "tags": [],
    "sysTags": [
      "cwe",
      "owasp-a6",
      "php-ini"
    ],
    "lang": "php",
    "langName": "PHP",
    "type": "VULNERABILITY"
  },
  {
    "key": "java:S4925",
    "name": "\"Class.forName()\" should not load JDBC 4.0+ drivers",
    "severity": "MAJOR",
    "status": "READY",
    "isTemplate": false,
    "tags": [],
    "sysTags": [
      "obsolete"
    ],
    "lang": "java",
    "langName": "Java",
    "type": "CODE_SMELL"
  },
  {
    "key": "java:S2975",
    "name": "\"clone\" should not be overridden",
    "severity": "BLOCKER",
    "status": "READY",
    "isTemplate": false,
    "tags": [],
    "sysTags": [
      "suspicious"
    ],
    "lang": "java",
    "langName": "Java",
    "type": "CODE_SMELL"
  },
  {
    "key": "java:S2157",
    "name": "\"Cloneables\" should implement \"clone\"",
    "severity": "CRITICAL",
    "status": "READY",
    "isTemplate": false,
    "tags": [],
    "sysTags": [
      "api-design",
      "convention"
    ],
    "lang": "java",
    "langName": "Java",
    "type": "CODE_SMELL"
  },
  {
    "key": "java:S4087",
    "name": "\"close()\" calls should not be redundant",
    "severity": "MINOR",
    "status": "READY",
    "isTemplate": false,
    "tags": [],
    "sysTags": [
      "redundant"
    ],
    "lang": "java",
    "langName": "Java",
    "type": "CODE_SMELL"
  },
  {
    "key": "java:S2203",
    "name": "\"collect\" should be used with \"Streams\" instead of \"list::add\"",
    "severity": "MINOR",
    "status": "READY",
    "isTemplate": false,
    "tags": [],
    "sysTags": [
      "java8"
    ],
    "lang": "java",
    "langName": "Java",
    "type": "CODE_SMELL"
  },
  {
    "key": "java:S1596",
    "name": "\"Collections.EMPTY_LIST\", \"EMPTY_MAP\", and \"EMPTY_SET\" should not be used",
    "severity": "MINOR",
    "status": "READY",
    "isTemplate": false,
    "tags": [],
    "sysTags": [
      "obsolete",
      "pitfall"
    ],
    "lang": "java",
    "langName": "Java",
    "type": "CODE_SMELL"
  },
  {
    "key": "java:S2200",
    "name": "\"compareTo\" results should not be checked for specific values",
    "severity": "MINOR",
    "status": "READY",
    "isTemplate": false,
    "tags": [],
    "sysTags": [
      "unpredictable"
    ],
    "lang": "java",
    "langName": "Java",
    "type": "BUG"
  },
  {
    "key": "java:S4351",
    "name": "\"compareTo\" should not be overloaded",
    "severity": "MAJOR",
    "status": "READY",
    "isTemplate": false,
    "tags": [],
    "sysTags": [
      "pitfall"
    ],
    "lang": "java",
    "langName": "Java",
    "type": "BUG"
  },
  {
    "key": "java:S2167",
    "name": "\"compareTo\" should not return \"Integer.MIN_VALUE\"",
    "severity": "MINOR",
    "status": "READY",
    "isTemplate": false,
    "tags": [],
    "sysTags": [],
    "lang": "java",
    "langName": "Java",
    "type": "BUG"
  },
  {
    "key": "csharpsquid:S3216",
    "name": "\"ConfigureAwait(false)\" should be used",
    "severity": "CRITICAL",
    "status": "READY",
    "isTemplate": false,
    "tags": [],
    "sysTags": [
      "async-await",
      "multi-threading",
      "suspicious"
    ],
    "lang": "cs",
    "langName": "C#",
    "type": "CODE_SMELL"
  },
  {
    "key": "csharpsquid:S4260",
    "name": "\"ConstructorArgument\" parameters should exist in constructors",
    "severity": "MAJOR",
    "status": "READY",
    "isTemplate": false,
    "tags": [],
    "sysTags": [
      "wpf",
      "xaml"
    ],
    "lang": "cs",
    "langName": "C#",
    "type": "BUG"
  },
  {
    "key": "vbnet:S4260",
    "name": "\"ConstructorArgument\" parameters should exist in constructors",
    "severity": "MAJOR",
    "status": "READY",
    "isTemplate": false,
    "tags": [],
    "sysTags": [
      "wpf",
      "xaml"
    ],
    "lang": "vbnet",
    "langName": "VB.NET",
    "type": "BUG"
  },
  {
    "key": "javascript:S909",
    "name": "\"continue\" should not be used",
    "severity": "MINOR",
    "status": "READY",
    "isTemplate": false,
    "tags": [],
    "sysTags": [
      "bad-practice"
    ],
    "lang": "js",
    "langName": "JavaScript",
    "type": "CODE_SMELL"
  },
  {
    "key": "typescript:S909",
    "name": "\"continue\" should not be used",
    "severity": "MINOR",
    "status": "READY",
    "isTemplate": false,
    "tags": [],
    "sysTags": [
      "bad-practice"
    ],
    "lang": "ts",
    "langName": "TypeScript",
    "type": "CODE_SMELL"
  },
  {
    "key": "vbnet:S3884",
    "name": "\"CoSetProxyBlanket\" and \"CoInitializeSecurity\" should not be used",
    "severity": "BLOCKER",
    "status": "READY",
    "isTemplate": false,
    "tags": [],
    "sysTags": [
      "owasp-a6"
    ],
    "lang": "vbnet",
    "langName": "VB.NET",
    "type": "VULNERABILITY"
  }
]