[
    {
        "key": "java:S2204",
        "name": "\".equals()\" should not be used to test the values of \"Atomic\" classes",
        "severity": "MAJOR",
        "status": "READY",
        "isTemplate": false,
        "tags": [],
        "sysTags": [
            "multi-threading"
        ],
        "lang": "java",
        "langName": "Java",
        "type": "BUG"
    },
    {
        "key": "java:S2757",
        "name": "\"=+\" should not be used instead of \"+=\"",
        "severity": "MAJOR",
        "status": "READY",
        "isTemplate": false,
        "tags": [],
        "sysTags": [],
        "lang": "java",
        "langName": "Java",
        "type": "BUG"
    },
    {
        "key": "java:S1698",
        "name": "\"==\" and \"!=\" should not be used when \"equals\" is overridden",
        "severity": "MINOR",
        "status": "READY",
        "isTemplate": false,
        "tags": [],
        "sysTags": [
            "cert",
            "cwe",
            "suspicious"
        ],
        "lang": "java",
        "langName": "Java",
        "type": "CODE_SMELL"
    },
    {
        "key": "java:S4682",
        "name": "\"@CheckForNull\" or \"@Nullable\" should not be used on primitive types",
        "severity": "MINOR",
        "status": "READY",
        "isTemplate": false,
        "tags": [],
        "sysTags": [],
        "lang": "java",
        "langName": "Java",
        "type": "CODE_SMELL"
    },
    {
        "key": "java:S3753",
        "name": "\"@Controller\" classes that use \"@SessionAttributes\" must call \"setComplete\" on their \"SessionStatus\" objects",
        "severity": "BLOCKER",
        "status": "READY",
        "isTemplate": false,
        "tags": [],
        "sysTags": [
            "spring"
        ],
        "lang": "java",
        "langName": "Java",
        "type": "BUG"
    },
    {
        "key": "java:S5738",
        "name": "\"@Deprecated\" code marked for removal should never be used",
        "severity": "MAJOR",
        "status": "READY",
        "isTemplate": false,
        "tags": [],
        "sysTags": [
            "cert",
            "cwe",
            "obsolete"
        ],
        "lang": "java",
        "langName": "Java",
        "type": "CODE_SMELL"
    },
    {
        "key": "java:S1874",
        "name": "\"@Deprecated\" code should not be used",
        "severity": "MINOR",
        "status": "READY",
        "isTemplate": false,
        "tags": [],
        "sysTags": [
            "cert",
            "cwe",
            "obsolete"
        ],
        "lang": "java",
        "langName": "Java",
        "type": "CODE_SMELL"
    },
    {
        "key": "java:S4604",
        "name": "\"@EnableAutoConfiguration\" should be fine-tuned",
        "severity": "MAJOR",
        "status": "READY",
        "isTemplate": false,
        "tags": [],
        "sysTags": [
            "performance",
            "spring"
        ],
        "lang": "java",
        "langName": "Java",
        "type": "CODE_SMELL"
    },
    {
        "key": "java:S4603",
        "name": "\"@Import\"s should be preferred to \"@ComponentScan\"s",
        "severity": "MAJOR",
        "status": "READY",
        "isTemplate": false,
        "tags": [],
        "sysTags": [
            "performance",
            "spring"
        ],
        "lang": "java",
        "langName": "Java",
        "type": "CODE_SMELL"
    },
    {
        "key": "java:S2637",
        "name": "\"@NonNull\" values should not be set to null",
        "severity": "MINOR",
        "status": "READY",
        "isTemplate": false,
        "tags": [],
        "sysTags": [
            "cert",
            "cwe"
        ],
        "lang": "java",
        "langName": "Java",
        "type": "BUG"
    },
    {
        "key": "java:S1161",
        "name": "\"@Override\" should be used on overriding and implementing methods",
        "severity": "MAJOR",
        "status": "READY",
        "isTemplate": false,
        "tags": [],
        "sysTags": [
            "bad-practice"
        ],
        "lang": "java",
        "langName": "Java",
        "type": "CODE_SMELL"
    },
    {
        "key": "java:S3751",
        "name": "\"@RequestMapping\" methods should be \"public\"",
        "severity": "MAJOR",
        "status": "READY",
        "isTemplate": false,
        "tags": [],
        "sysTags": [
            "owasp-a6",
            "spring"
        ],
        "lang": "java",
        "langName": "Java",
        "type": "VULNERABILITY"
    },
    {
        "key": "java:S4602",
        "name": "\"@SpringBootApplication\" and \"@ComponentScan\" should not be used in the default package",
        "severity": "BLOCKER",
        "status": "READY",
        "isTemplate": false,
        "tags": [],
        "sysTags": [
            "spring"
        ],
        "lang": "java",
        "langName": "Java",
        "type": "BUG"
    },
    {
        "key": "java:S3373",
        "name": "\"action\" mappings should not have too many \"forward\" entries",
        "severity": "MINOR",
        "status": "READY",
        "isTemplate": false,
        "tags": [],
        "sysTags": [
            "brain-overload",
            "struts"
        ],
        "lang": "java",
        "langName": "Java",
        "type": "CODE_SMELL"
    },
    {
        "key": "java:S5301",
        "name": "\"ActiveMQConnectionFactory\" should not be vulnerable to malicious code deserialization",
        "severity": "MINOR",
        "status": "READY",
        "isTemplate": false,
        "tags": [],
        "sysTags": [
            "cwe",
            "owasp-a8"
        ],
        "lang": "java",
        "langName": "Java",
        "type": "VULNERABILITY"
    },
    {
        "key": "java:S3631",
        "name": "\"Arrays.stream\" should be used for primitive arrays",
        "severity": "MAJOR",
        "status": "READY",
        "isTemplate": false,
        "tags": [],
        "sysTags": [
            "performance"
        ],
        "lang": "java",
        "langName": "Java",
        "type": "CODE_SMELL"
    },
    {
        "key": "java:S5128",
        "name": "\"Bean Validation\" (JSR 380) should be properly configured",
        "severity": "CRITICAL",
        "status": "READY",
        "isTemplate": false,
        "tags": [],
        "sysTags": [],
        "lang": "java",
        "langName": "Java",
        "type": "CODE_SMELL"
    },
    {
        "key": "java:S2111",
        "name": "\"BigDecimal(double)\" should not be used",
        "severity": "MAJOR",
        "status": "READY",
        "isTemplate": false,
        "tags": [],
        "sysTags": [
            "cert"
        ],
        "lang": "java",
        "langName": "Java",
        "type": "BUG"
    },
    {
        "key": "java:S2737",
        "name": "\"catch\" clauses should do more than rethrow",
        "severity": "MINOR",
        "status": "READY",
        "isTemplate": false,
        "tags": [],
        "sysTags": [
            "clumsy",
            "error-handling",
            "finding",
            "unused"
        ],
        "lang": "java",
        "langName": "Java",
        "type": "CODE_SMELL"
    },
    {
        "key": "java:S4925",
        "name": "\"Class.forName()\" should not load JDBC 4.0+ drivers",
        "severity": "MAJOR",
        "status": "READY",
        "isTemplate": false,
        "tags": [],
        "sysTags": [
            "obsolete"
        ],
        "lang": "java",
        "langName": "Java",
        "type": "CODE_SMELL"
    },
    {
        "key": "java:S2975",
        "name": "\"clone\" should not be overridden",
        "severity": "BLOCKER",
        "status": "READY",
        "isTemplate": false,
        "tags": [],
        "sysTags": [
            "suspicious"
        ],
        "lang": "java",
        "langName": "Java",
        "type": "CODE_SMELL"
    },
    {
        "key": "java:S2157",
        "name": "\"Cloneables\" should implement \"clone\"",
        "severity": "CRITICAL",
        "status": "READY",
        "isTemplate": false,
        "tags": [],
        "sysTags": [
            "api-design",
            "convention"
        ],
        "lang": "java",
        "langName": "Java",
        "type": "CODE_SMELL"
    },
    {
        "key": "java:S4087",
        "name": "\"close()\" calls should not be redundant",
        "severity": "MINOR",
        "status": "READY",
        "isTemplate": false,
        "tags": [],
        "sysTags": [
            "redundant"
        ],
        "lang": "java",
        "langName": "Java",
        "type": "CODE_SMELL"
    },
    {
        "key": "java:S2203",
        "name": "\"collect\" should be used with \"Streams\" instead of \"list::add\"",
        "severity": "MINOR",
        "status": "READY",
        "isTemplate": false,
        "tags": [],
        "sysTags": [
            "java8"
        ],
        "lang": "java",
        "langName": "Java",
        "type": "CODE_SMELL"
    },
    {
        "key": "java:S1596",
        "name": "\"Collections.EMPTY_LIST\", \"EMPTY_MAP\", and \"EMPTY_SET\" should not be used",
        "severity": "MINOR",
        "status": "READY",
        "isTemplate": false,
        "tags": [],
        "sysTags": [
            "obsolete",
            "pitfall"
        ],
        "lang": "java",
        "langName": "Java",
        "type": "CODE_SMELL"
    },
    {
        "key": "java:S2200",
        "name": "\"compareTo\" results should not be checked for specific values",
        "severity": "MINOR",
        "status": "READY",
        "isTemplate": false,
        "tags": [],
        "sysTags": [
            "unpredictable"
        ],
        "lang": "java",
        "langName": "Java",
        "type": "BUG"
    },
    {
        "key": "java:S4351",
        "name": "\"compareTo\" should not be overloaded",
        "severity": "MAJOR",
        "status": "READY",
        "isTemplate": false,
        "tags": [],
        "sysTags": [
            "pitfall"
        ],
        "lang": "java",
        "langName": "Java",
        "type": "BUG"
    },
    {
        "key": "java:S2167",
        "name": "\"compareTo\" should not return \"Integer.MIN_VALUE\"",
        "severity": "MINOR",
        "status": "READY",
        "isTemplate": false,
        "tags": [],
        "sysTags": [],
        "lang": "java",
        "langName": "Java",
        "type": "BUG"
    },
    {
        "key": "java:S2718",
        "name": "\"DateUtils.truncate\" from Apache Commons Lang library should not be used",
        "severity": "MAJOR",
        "status": "READY",
        "isTemplate": false,
        "tags": [],
        "sysTags": [
            "java8",
            "performance"
        ],
        "lang": "java",
        "langName": "Java",
        "type": "CODE_SMELL"
    },
    {
        "key": "java:S4524",
        "name": "\"default\" clauses should be last",
        "severity": "CRITICAL",
        "status": "READY",
        "isTemplate": false,
        "tags": [],
        "sysTags": [],
        "lang": "java",
        "langName": "Java",
        "type": "CODE_SMELL"
    },
    {
        "key": "java:S3439",
        "name": "\"DefaultMessageListenerContainer\" instances should not drop messages during restarts",
        "severity": "MAJOR",
        "status": "READY",
        "isTemplate": false,
        "tags": [],
        "sysTags": [
            "spring"
        ],
        "lang": "java",
        "langName": "Java",
        "type": "BUG"
    },
    {
        "key": "java:S2308",
        "name": "\"deleteOnExit\" should not be used",
        "severity": "MAJOR",
        "status": "READY",
        "isTemplate": false,
        "tags": [],
        "sysTags": [
            "performance"
        ],
        "lang": "java",
        "langName": "Java",
        "type": "CODE_SMELL"
    },
    {
        "key": "java:S2127",
        "name": "\"Double.longBitsToDouble\" should not be used for \"int\"",
        "severity": "MAJOR",
        "status": "READY",
        "isTemplate": false,
        "tags": [],
        "sysTags": [],
        "lang": "java",
        "langName": "Java",
        "type": "BUG"
    },
    {
        "key": "java:S5261",
        "name": "\"else\" statements should be clearly matched with an \"if\"",
        "severity": "MAJOR",
        "status": "READY",
        "isTemplate": false,
        "tags": [],
        "sysTags": [
            "confusing"
        ],
        "lang": "java",
        "langName": "Java",
        "type": "CODE_SMELL"
    },
    {
        "key": "java:S2864",
        "name": "\"entrySet()\" should be iterated when both the key and value are needed",
        "severity": "MAJOR",
        "status": "READY",
        "isTemplate": false,
        "tags": [],
        "sysTags": [
            "performance"
        ],
        "lang": "java",
        "langName": "Java",
        "type": "CODE_SMELL"
    },
    {
        "key": "java:S3066",
        "name": "\"enum\" fields should not be publicly mutable",
        "severity": "MINOR",
        "status": "READY",
        "isTemplate": false,
        "tags": [],
        "sysTags": [
            "bad-practice"
        ],
        "lang": "java",
        "langName": "Java",
        "type": "VULNERABILITY"
    },
    {
        "key": "java:S1201",
        "name": "\"equals\" method overrides should accept \"Object\" parameters",
        "severity": "MAJOR",
        "status": "READY",
        "isTemplate": false,
        "tags": [],
        "sysTags": [
            "suspicious"
        ],
        "lang": "java",
        "langName": "Java",
        "type": "BUG"
    },
    {
        "key": "java:S4454",
        "name": "\"equals\" method parameters should not be marked \"@Nonnull\"",
        "severity": "CRITICAL",
        "status": "READY",
        "isTemplate": false,
        "tags": [],
        "sysTags": [],
        "lang": "java",
        "langName": "Java",
        "type": "CODE_SMELL"
    },
    {
        "key": "java:S2162",
        "name": "\"equals\" methods should be symmetric and work for subclasses",
        "severity": "MINOR",
        "status": "READY",
        "isTemplate": false,
        "tags": [],
        "sysTags": [
            "cert"
        ],
        "lang": "java",
        "langName": "Java",
        "type": "BUG"
    },
    {
        "key": "java:S1206",
        "name": "\"equals(Object obj)\" and \"hashCode()\" should be overridden in pairs",
        "severity": "MINOR",
        "status": "READY",
        "isTemplate": false,
        "tags": [],
        "sysTags": [
            "cert",
            "cwe"
        ],
        "lang": "java",
        "langName": "Java",
        "type": "BUG"
    },
    {
        "key": "java:S1210",
        "name": "\"equals(Object obj)\" should be overridden along with the \"compareTo(T obj)\" method",
        "severity": "MINOR",
        "status": "READY",
        "isTemplate": false,
        "tags": [],
        "sysTags": [],
        "lang": "java",
        "langName": "Java",
        "type": "CODE_SMELL"
    },
    {
        "key": "java:S2097",
        "name": "\"equals(Object obj)\" should test argument type",
        "severity": "MINOR",
        "status": "READY",
        "isTemplate": false,
        "tags": [],
        "sysTags": [],
        "lang": "java",
        "langName": "Java",
        "type": "BUG"
    },
    {
        "key": "java:S2221",
        "name": "\"Exception\" should not be caught when not required by called methods",
        "severity": "MINOR",
        "status": "READY",
        "isTemplate": false,
        "tags": [],
        "sysTags": [
            "cwe",
            "error-handling"
        ],
        "lang": "java",
        "langName": "Java",
        "type": "CODE_SMELL"
    },
    {
        "key": "java:S2060",
        "name": "\"Externalizable\" classes should have no-arguments constructors",
        "severity": "MAJOR",
        "status": "READY",
        "isTemplate": false,
        "tags": [],
        "sysTags": [],
        "lang": "java",
        "langName": "Java",
        "type": "BUG"
    },
    {
        "key": "java:S2976",
        "name": "\"File.createTempFile\" should not be used to create a directory",
        "severity": "CRITICAL",
        "status": "READY",
        "isTemplate": false,
        "tags": [],
        "sysTags": [
            "owasp-a9"
        ],
        "lang": "java",
        "langName": "Java",
        "type": "VULNERABILITY"
    },
    {
        "key": "java:S2156",
        "name": "\"final\" classes should not have \"protected\" members",
        "severity": "MINOR",
        "status": "READY",
        "isTemplate": false,
        "tags": [],
        "sysTags": [
            "confusing"
        ],
        "lang": "java",
        "langName": "Java",
        "type": "CODE_SMELL"
    },
    {
        "key": "java:S2165",
        "name": "\"finalize\" should not set fields to \"null\"",
        "severity": "MINOR",
        "status": "READY",
        "isTemplate": false,
        "tags": [],
        "sysTags": [
            "clumsy",
            "performance"
        ],
        "lang": "java",
        "langName": "Java",
        "type": "CODE_SMELL"
    },
    {
        "key": "java:S1994",
        "name": "\"for\" loop increment clauses should modify the loops' counters",
        "severity": "CRITICAL",
        "status": "READY",
        "isTemplate": false,
        "tags": [],
        "sysTags": [
            "confusing"
        ],
        "lang": "java",
        "langName": "Java",
        "type": "CODE_SMELL"
    },
    {
        "key": "java:S127",
        "name": "\"for\" loop stop conditions should be invariant",
        "severity": "MAJOR",
        "status": "READY",
        "isTemplate": false,
        "tags": [],
        "sysTags": [
            "pitfall"
        ],
        "lang": "java",
        "langName": "Java",
        "type": "CODE_SMELL"
    },
    {
        "key": "java:S3067",
        "name": "\"getClass\" should not be used for synchronization",
        "severity": "MAJOR",
        "status": "READY",
        "isTemplate": false,
        "tags": [],
        "sysTags": [
            "cert",
            "multi-threading"
        ],
        "lang": "java",
        "langName": "Java",
        "type": "BUG"
    },
    {
        "key": "java:S2116",
        "name": "\"hashCode\" and \"toString\" should not be called on array instances",
        "severity": "MAJOR",
        "status": "READY",
        "isTemplate": false,
        "tags": [],
        "sysTags": [],
        "lang": "java",
        "langName": "Java",
        "type": "BUG"
    },
    {
        "key": "java:S3510",
        "name": "\"HostnameVerifier.verify\" should not always return true",
        "severity": "BLOCKER",
        "status": "DEPRECATED",
        "isTemplate": false,
        "tags": [],
        "sysTags": [],
        "lang": "java",
        "langName": "Java",
        "type": "VULNERABILITY"
    },
    {
        "key": "java:S4601",
        "name": "\"HttpSecurity\" URL patterns should be correctly ordered",
        "severity": "CRITICAL",
        "status": "READY",
        "isTemplate": false,
        "tags": [],
        "sysTags": [
            "owasp-a6",
            "spring"
        ],
        "lang": "java",
        "langName": "Java",
        "type": "VULNERABILITY"
    },
    {
        "key": "java:S2254",
        "name": "\"HttpServletRequest.getRequestedSessionId()\" should not be used",
        "severity": "CRITICAL",
        "status": "READY",
        "isTemplate": false,
        "tags": [],
        "sysTags": [
            "cwe",
            "owasp-a2",
            "sans-top25-porous"
        ],
        "lang": "java",
        "langName": "Java",
        "type": "VULNERABILITY"
    },
    {
        "key": "java:S126",
        "name": "\"if ... else if\" constructs should end with \"else\" clauses",
        "severity": "CRITICAL",
        "status": "READY",
        "isTemplate": false,
        "tags": [],
        "sysTags": [
            "cert"
        ],
        "lang": "java",
        "langName": "Java",
        "type": "CODE_SMELL"
    },
    {
        "key": "java:S2692",
        "name": "\"indexOf\" checks should not be for positive numbers",
        "severity": "CRITICAL",
        "status": "READY",
        "isTemplate": false,
        "tags": [],
        "sysTags": [
            "suspicious"
        ],
        "lang": "java",
        "langName": "Java",
        "type": "CODE_SMELL"
    },
    {
        "key": "java:S2912",
        "name": "\"indexOf\" checks should use a start position",
        "severity": "MINOR",
        "status": "READY",
        "isTemplate": false,
        "tags": [],
        "sysTags": [
            "confusing"
        ],
        "lang": "java",
        "langName": "Java",
        "type": "CODE_SMELL"
    },
    {
        "key": "java:S1850",
        "name": "\"instanceof\" operators that always return \"true\" or \"false\" should be removed",
        "severity": "MAJOR",
        "status": "DEPRECATED",
        "isTemplate": false,
        "tags": [],
        "sysTags": [],
        "lang": "java",
        "langName": "Java",
        "type": "BUG"
    },
    {
        "key": "java:S4425",
        "name": "\"Integer.toHexString\" should not be used to build hexadecimal strings",
        "severity": "MAJOR",
        "status": "READY",
        "isTemplate": false,
        "tags": [],
        "sysTags": [
            "cwe"
        ],
        "lang": "java",
        "langName": "Java",
        "type": "CODE_SMELL"
    },
    {
        "key": "java:S2142",
        "name": "\"InterruptedException\" should not be ignored",
        "severity": "MAJOR",
        "status": "READY",
        "isTemplate": false,
        "tags": [],
        "sysTags": [
            "cwe",
            "error-handling",
            "multi-threading"
        ],
        "lang": "java",
        "langName": "Java",
        "type": "BUG"
    },
    {
        "key": "java:S4348",
        "name": "\"iterator\" should not return \"this\"",
        "severity": "MAJOR",
        "status": "READY",
        "isTemplate": false,
        "tags": [],
        "sysTags": [
            "pitfall"
        ],
        "lang": "java",
        "langName": "Java",
        "type": "BUG"
    },
    {
        "key": "java:S1849",
        "name": "\"Iterator.hasNext()\" should not call \"Iterator.next()\"",
        "severity": "MAJOR",
        "status": "READY",
        "isTemplate": false,
        "tags": [],
        "sysTags": [],
        "lang": "java",
        "langName": "Java",
        "type": "BUG"
    },
    {
        "key": "java:S2272",
        "name": "\"Iterator.next()\" methods should throw \"NoSuchElementException\"",
        "severity": "MINOR",
        "status": "READY",
        "isTemplate": false,
        "tags": [],
        "sysTags": [
            "error-handling",
            "unpredictable"
        ],
        "lang": "java",
        "langName": "Java",
        "type": "BUG"
    },
    {
        "key": "java:S1194",
        "name": "\"java.lang.Error\" should not be extended",
        "severity": "MAJOR",
        "status": "READY",
        "isTemplate": false,
        "tags": [],
        "sysTags": [
            "error-handling"
        ],
        "lang": "java",
        "langName": "Java",
        "type": "CODE_SMELL"
    },
    {
        "key": "java:S4042",
        "name": "\"java.nio.Files#delete\" should be preferred",
        "severity": "MAJOR",
        "status": "READY",
        "isTemplate": false,
        "tags": [],
        "sysTags": [
            "api-design",
            "error-handling"
        ],
        "lang": "java",
        "langName": "Java",
        "type": "CODE_SMELL"
    },
    {
        "key": "java:S2143",
        "name": "\"java.time\" classes should be used for dates and times",
        "severity": "MAJOR",
        "status": "READY",
        "isTemplate": false,
        "tags": [],
        "sysTags": [
            "java8",
            "pitfall"
        ],
        "lang": "java",
        "langName": "Java",
        "type": "CODE_SMELL"
    },
    {
        "key": "java:S2258",
        "name": "\"javax.crypto.NullCipher\" should not be used for anything other than testing",
        "severity": "BLOCKER",
        "status": "DEPRECATED",
        "isTemplate": false,
        "tags": [],
        "sysTags": [],
        "lang": "java",
        "langName": "Java",
        "type": "VULNERABILITY"
    },
    {
        "key": "java:S2442",
        "name": "\"Lock\" objects should not be \"synchronized\"",
        "severity": "MAJOR",
        "status": "READY",
        "isTemplate": false,
        "tags": [],
        "sysTags": [
            "cert",
            "clumsy",
            "multi-threading"
        ],
        "lang": "java",
        "langName": "Java",
        "type": "CODE_SMELL"
    },
    {
        "key": "java:S2096",
        "name": "\"main\" should not \"throw\" anything",
        "severity": "BLOCKER",
        "status": "READY",
        "isTemplate": false,
        "tags": [],
        "sysTags": [
            "error-handling"
        ],
        "lang": "java",
        "langName": "Java",
        "type": "CODE_SMELL"
    },
    {
        "key": "java:S3824",
        "name": "\"Map.get\" and value test should be replaced with single method call",
        "severity": "MAJOR",
        "status": "READY",
        "isTemplate": false,
        "tags": [],
        "sysTags": [
            "java8"
        ],
        "lang": "java",
        "langName": "Java",
        "type": "CODE_SMELL"
    },
    {
        "key": "java:S2446",
        "name": "\"notifyAll\" should be used",
        "severity": "MAJOR",
        "status": "READY",
        "isTemplate": false,
        "tags": [],
        "sysTags": [
            "cert",
            "multi-threading"
        ],
        "lang": "java",
        "langName": "Java",
        "type": "BUG"
    },
    {
        "key": "java:S2789",
        "name": "\"null\" should not be used with \"Optional\"",
        "severity": "MAJOR",
        "status": "READY",
        "isTemplate": false,
        "tags": [],
        "sysTags": [
            "java8"
        ],
        "lang": "java",
        "langName": "Java",
        "type": "BUG"
    },
    {
        "key": "java:S1696",
        "name": "\"NullPointerException\" should not be caught",
        "severity": "MAJOR",
        "status": "READY",
        "isTemplate": false,
        "tags": [],
        "sysTags": [
            "cert",
            "cwe",
            "error-handling"
        ],
        "lang": "java",
        "langName": "Java",
        "type": "CODE_SMELL"
    },
    {
        "key": "java:S1695",
        "name": "\"NullPointerException\" should not be explicitly thrown",
        "severity": "MAJOR",
        "status": "READY",
        "isTemplate": false,
        "tags": [],
        "sysTags": [
            "error-handling",
            "pitfall"
        ],
        "lang": "java",
        "langName": "Java",
        "type": "CODE_SMELL"
    },
    {
        "key": "java:S1174",
        "name": "\"Object.finalize()\" should remain protected (versus public) when overriding",
        "severity": "CRITICAL",
        "status": "READY",
        "isTemplate": false,
        "tags": [],
        "sysTags": [
            "cert",
            "cwe"
        ],
        "lang": "java",
        "langName": "Java",
        "type": "CODE_SMELL"
    },
    {
        "key": "java:S2274",
        "name": "\"Object.wait(...)\" and \"Condition.await(...)\" should be called inside a \"while\" loop",
        "severity": "CRITICAL",
        "status": "READY",
        "isTemplate": false,
        "tags": [],
        "sysTags": [
            "cert",
            "multi-threading"
        ],
        "lang": "java",
        "langName": "Java",
        "type": "CODE_SMELL"
    },
    {
        "key": "java:S1844",
        "name": "\"Object.wait(...)\" should never be called on objects that implement \"java.util.concurrent.locks.Condition\"",
        "severity": "MAJOR",
        "status": "READY",
        "isTemplate": false,
        "tags": [],
        "sysTags": [
            "suspicious"
        ],
        "lang": "java",
        "langName": "Java",
        "type": "CODE_SMELL"
    },
    {
        "key": "java:S3553",
        "name": "\"Optional\" should not be used for parameters",
        "severity": "MAJOR",
        "status": "READY",
        "isTemplate": false,
        "tags": [],
        "sysTags": [
            "clumsy"
        ],
        "lang": "java",
        "langName": "Java",
        "type": "CODE_SMELL"
    },
    {
        "key": "java:S2629",
        "name": "\"Preconditions\" and logging arguments should not require evaluation",
        "severity": "MAJOR",
        "status": "READY",
        "isTemplate": false,
        "tags": [],
        "sysTags": [
            "performance"
        ],
        "lang": "java",
        "langName": "Java",
        "type": "CODE_SMELL"
    },
    {
        "key": "java:S2695",
        "name": "\"PreparedStatement\" and \"ResultSet\" methods should be called with valid indices",
        "severity": "BLOCKER",
        "status": "READY",
        "isTemplate": false,
        "tags": [],
        "sysTags": [
            "sql"
        ],
        "lang": "java",
        "langName": "Java",
        "type": "BUG"
    },
    {
        "key": "java:S2325",
        "name": "\"private\" and \"final\" methods that don't access instance data should be \"static\"",
        "severity": "MINOR",
        "status": "READY",
        "isTemplate": false,
        "tags": [],
        "sysTags": [
            "pitfall"
        ],
        "lang": "java",
        "langName": "Java",
        "type": "CODE_SMELL"
    },
    {
        "key": "java:S3398",
        "name": "\"private\" methods called only by inner classes should be moved to those classes",
        "severity": "MINOR",
        "status": "READY",
        "isTemplate": false,
        "tags": [],
        "sysTags": [
            "confusing"
        ],
        "lang": "java",
        "langName": "Java",
        "type": "CODE_SMELL"
    },
    {
        "key": "java:S1444",
        "name": "\"public static\" fields should be constant",
        "severity": "MINOR",
        "status": "READY",
        "isTemplate": false,
        "tags": [],
        "sysTags": [
            "cert",
            "cwe"
        ],
        "lang": "java",
        "langName": "Java",
        "type": "CODE_SMELL"
    },
    {
        "key": "java:S2119",
        "name": "\"Random\" objects should be reused",
        "severity": "CRITICAL",
        "status": "READY",
        "isTemplate": false,
        "tags": [],
        "sysTags": [
            "owasp-a6"
        ],
        "lang": "java",
        "langName": "Java",
        "type": "BUG"
    },
    {
        "key": "java:S2677",
        "name": "\"read\" and \"readLine\" return values should be used",
        "severity": "MAJOR",
        "status": "READY",
        "isTemplate": false,
        "tags": [],
        "sysTags": [],
        "lang": "java",
        "langName": "Java",
        "type": "BUG"
    },
    {
        "key": "java:S4929",
        "name": "\"read(byte[],int,int)\" should be overridden",
        "severity": "MINOR",
        "status": "READY",
        "isTemplate": false,
        "tags": [],
        "sysTags": [
            "performance"
        ],
        "lang": "java",
        "langName": "Java",
        "type": "CODE_SMELL"
    },
    {
        "key": "java:S2675",
        "name": "\"readObject\" should not be \"synchronized\"",
        "severity": "MAJOR",
        "status": "READY",
        "isTemplate": false,
        "tags": [],
        "sysTags": [
            "confusing"
        ],
        "lang": "java",
        "langName": "Java",
        "type": "CODE_SMELL"
    },
    {
        "key": "java:S2062",
        "name": "\"readResolve\" methods should be inheritable",
        "severity": "CRITICAL",
        "status": "READY",
        "isTemplate": false,
        "tags": [],
        "sysTags": [
            "pitfall"
        ],
        "lang": "java",
        "langName": "Java",
        "type": "CODE_SMELL"
    },
    {
        "key": "java:S2232",
        "name": "\"ResultSet.isLast()\" should not be used",
        "severity": "MAJOR",
        "status": "READY",
        "isTemplate": false,
        "tags": [],
        "sysTags": [
            "performance",
            "pitfall",
            "sql"
        ],
        "lang": "java",
        "langName": "Java",
        "type": "CODE_SMELL"
    },
    {
        "key": "java:S2151",
        "name": "\"runFinalizersOnExit\" should not be called",
        "severity": "CRITICAL",
        "status": "READY",
        "isTemplate": false,
        "tags": [],
        "sysTags": [
            "cert"
        ],
        "lang": "java",
        "langName": "Java",
        "type": "BUG"
    },
    {
        "key": "java:S2122",
        "name": "\"ScheduledThreadPoolExecutor\" should not have 0 core threads",
        "severity": "CRITICAL",
        "status": "READY",
        "isTemplate": false,
        "tags": [],
        "sysTags": [],
        "lang": "java",
        "langName": "Java",
        "type": "BUG"
    },
    {
        "key": "java:S4347",
        "name": "\"SecureRandom\" seeds should not be predictable",
        "severity": "CRITICAL",
        "status": "READY",
        "isTemplate": false,
        "tags": [],
        "sysTags": [
            "cert",
            "cwe",
            "owasp-a6",
            "pitfall"
        ],
        "lang": "java",
        "langName": "Java",
        "type": "VULNERABILITY"
    },
    {
        "key": "java:S2057",
        "name": "\"Serializable\" classes should have a \"serialVersionUID\"",
        "severity": "CRITICAL",
        "status": "READY",
        "isTemplate": false,
        "tags": [],
        "sysTags": [
            "cert",
            "pitfall",
            "serialization"
        ],
        "lang": "java",
        "langName": "Java",
        "type": "CODE_SMELL"
    },
    {
        "key": "java:S2059",
        "name": "\"Serializable\" inner classes of \"Serializable\" classes should be static",
        "severity": "MINOR",
        "status": "READY",
        "isTemplate": false,
        "tags": [],
        "sysTags": [
            "cert",
            "pitfall",
            "serialization"
        ],
        "lang": "java",
        "langName": "Java",
        "type": "CODE_SMELL"
    },
    {
        "key": "java:S2066",
        "name": "\"Serializable\" inner classes of non-serializable classes should be \"static\"",
        "severity": "MINOR",
        "status": "READY",
        "isTemplate": false,
        "tags": [],
        "sysTags": [
            "cert",
            "serialization"
        ],
        "lang": "java",
        "langName": "Java",
        "type": "BUG"
    },
    {
        "key": "java:S4926",
        "name": "\"serialVersionUID\" should not be declared blindly",
        "severity": "MINOR",
        "status": "READY",
        "isTemplate": false,
        "tags": [],
        "sysTags": [
            "pitfall",
            "serialization"
        ],
        "lang": "java",
        "langName": "Java",
        "type": "CODE_SMELL"
    },
    {
        "key": "java:S3438",
        "name": "\"SingleConnectionFactory\" instances should be set to \"reconnectOnException\"",
        "severity": "MAJOR",
        "status": "READY",
        "isTemplate": false,
        "tags": [],
        "sysTags": [
            "spring"
        ],
        "lang": "java",
        "langName": "Java",
        "type": "BUG"
    },
    {
        "key": "java:S4719",
        "name": "\"StandardCharsets\" constants should be preferred",
        "severity": "MINOR",
        "status": "READY",
        "isTemplate": false,
        "tags": [],
        "sysTags": [
            "clumsy",
            "java7"
        ],
        "lang": "java",
        "langName": "Java",
        "type": "CODE_SMELL"
    },
    {
        "key": "java:S3252",
        "name": "\"static\" base class members should not be accessed via derived types",
        "severity": "CRITICAL",
        "status": "READY",
        "isTemplate": false,
        "tags": [],
        "sysTags": [
            "confusing"
        ],
        "lang": "java",
        "langName": "Java",
        "type": "CODE_SMELL"
    },
    {
        "key": "java:S2209",
        "name": "\"static\" members should be accessed statically",
        "severity": "MAJOR",
        "status": "READY",
        "isTemplate": false,
        "tags": [],
        "sysTags": [
            "pitfall"
        ],
        "lang": "java",
        "langName": "Java",
        "type": "CODE_SMELL"
    }
]