[
  {
    "key": "javascript:S1440",
    "name": "\"===\" and \"!==\" should be used instead of \"==\" and \"!=\"",
    "severity": "MAJOR",
    "status": "READY",
    "isTemplate": false,
    "tags": [],
    "sysTags": [
      "suspicious"
    ],
    "lang": "js",
    "langName": "JavaScript",
    "type": "CODE_SMELL"
  },
  {
    "key": "javascript:S1442",
    "name": "\"alert(...)\" should not be used",
    "severity": "MINOR",
    "status": "DEPRECATED",
    "isTemplate": false,
    "tags": [],
    "sysTags": [],
    "lang": "js",
    "langName": "JavaScript",
    "type": "VULNERABILITY"
  },
  {
    "key": "javascript:S3513",
    "name": "\"arguments\" should not be accessed directly",
    "severity": "MAJOR",
    "status": "READY",
    "isTemplate": false,
    "tags": [],
    "sysTags": [
      "api-design",
      "es2015"
    ],
    "lang": "js",
    "langName": "JavaScript",
    "type": "CODE_SMELL"
  },
  {
    "key": "javascript:S2685",
    "name": "\"arguments.caller\" and \"arguments.callee\" should not be used",
    "severity": "MAJOR",
    "status": "READY",
    "isTemplate": false,
    "tags": [],
    "sysTags": [
      "obsolete"
    ],
    "lang": "js",
    "langName": "JavaScript",
    "type": "CODE_SMELL"
  },
  {
    "key": "javascript:S4326",
    "name": "\"await\" should not be used redundantly",
    "severity": "MINOR",
    "status": "READY",
    "isTemplate": false,
    "tags": [],
    "sysTags": [
      "redundant"
    ],
    "lang": "js",
    "langName": "JavaScript",
    "type": "CODE_SMELL"
  },
  {
    "key": "javascript:S4123",
    "name": "\"await\" should only be used with promises",
    "severity": "CRITICAL",
    "status": "READY",
    "isTemplate": false,
    "tags": [],
    "sysTags": [
      "confusing"
    ],
    "lang": "js",
    "langName": "JavaScript",
    "type": "CODE_SMELL"
  },
  {
    "key": "javascript:S2737",
    "name": "\"catch\" clauses should do more than rethrow",
    "severity": "MINOR",
    "status": "READY",
    "isTemplate": false,
    "tags": [],
    "sysTags": [
      "clumsy",
      "error-handling",
      "finding",
      "unused"
    ],
    "lang": "js",
    "langName": "JavaScript",
    "type": "CODE_SMELL"
  },
  {
    "key": "javascript:S909",
    "name": "\"continue\" should not be used",
    "severity": "MINOR",
    "status": "READY",
    "isTemplate": false,
    "tags": [],
    "sysTags": [
      "bad-practice"
    ],
    "lang": "js",
    "langName": "JavaScript",
    "type": "CODE_SMELL"
  },
  {
    "key": "javascript:S4524",
    "name": "\"default\" clauses should be last",
    "severity": "CRITICAL",
    "status": "READY",
    "isTemplate": false,
    "tags": [],
    "sysTags": [],
    "lang": "js",
    "langName": "JavaScript",
    "type": "CODE_SMELL"
  },
  {
    "key": "javascript:S3001",
    "name": "\"delete\" should be used only with object properties",
    "severity": "MINOR",
    "status": "READY",
    "isTemplate": false,
    "tags": [],
    "sysTags": [],
    "lang": "js",
    "langName": "JavaScript",
    "type": "BUG"
  },
  {
    "key": "javascript:S2870",
    "name": "\"delete\" should not be used on arrays",
    "severity": "MAJOR",
    "status": "READY",
    "isTemplate": false,
    "tags": [],
    "sysTags": [],
    "lang": "js",
    "langName": "JavaScript",
    "type": "CODE_SMELL"
  },
  {
    "key": "javascript:S4139",
    "name": "\"for in\" should not be used with iterables",
    "severity": "MAJOR",
    "status": "READY",
    "isTemplate": false,
    "tags": [],
    "sysTags": [],
    "lang": "js",
    "langName": "JavaScript",
    "type": "CODE_SMELL"
  },
  {
    "key": "javascript:S4138",
    "name": "\"for of\" should be used with Iterables",
    "severity": "MINOR",
    "status": "READY",
    "isTemplate": false,
    "tags": [],
    "sysTags": [
      "clumsy"
    ],
    "lang": "js",
    "langName": "JavaScript",
    "type": "CODE_SMELL"
  },
  {
    "key": "javascript:S1994",
    "name": "\"for\" loop increment clauses should modify the loops' counters",
    "severity": "CRITICAL",
    "status": "READY",
    "isTemplate": false,
    "tags": [],
    "sysTags": [
      "confusing"
    ],
    "lang": "js",
    "langName": "JavaScript",
    "type": "CODE_SMELL"
  },
  {
    "key": "javascript:S1535",
    "name": "\"for...in\" loops should filter properties before acting on them",
    "severity": "MAJOR",
    "status": "READY",
    "isTemplate": false,
    "tags": [],
    "sysTags": [],
    "lang": "js",
    "langName": "JavaScript",
    "type": "BUG"
  },
  {
    "key": "javascript:S1527",
    "name": "\"future reserved words\" should not be used as identifiers",
    "severity": "BLOCKER",
    "status": "READY",
    "isTemplate": false,
    "tags": [],
    "sysTags": [
      "lock-in",
      "pitfall"
    ],
    "lang": "js",
    "langName": "JavaScript",
    "type": "CODE_SMELL"
  },
  {
    "key": "javascript:S126",
    "name": "\"if ... else if\" constructs should end with \"else\" clauses",
    "severity": "CRITICAL",
    "status": "READY",
    "isTemplate": false,
    "tags": [],
    "sysTags": [],
    "lang": "js",
    "langName": "JavaScript",
    "type": "CODE_SMELL"
  },
  {
    "key": "javascript:S3533",
    "name": "\"import\" should be used to include external code",
    "severity": "MINOR",
    "status": "READY",
    "isTemplate": false,
    "tags": [],
    "sysTags": [
      "convention",
      "es2015",
      "obsolete"
    ],
    "lang": "js",
    "langName": "JavaScript",
    "type": "CODE_SMELL"
  },
  {
    "key": "javascript:S4619",
    "name": "\"in\" should not be used on arrays",
    "severity": "MAJOR",
    "status": "READY",
    "isTemplate": false,
    "tags": [],
    "sysTags": [
      "pitfall"
    ],
    "lang": "js",
    "langName": "JavaScript",
    "type": "CODE_SMELL"
  },
  {
    "key": "javascript:S3785",
    "name": "\"in\" should not be used with primitive types",
    "severity": "CRITICAL",
    "status": "READY",
    "isTemplate": false,
    "tags": [],
    "sysTags": [],
    "lang": "js",
    "langName": "JavaScript",
    "type": "BUG"
  },
  {
    "key": "javascript:S2692",
    "name": "\"indexOf\" checks should not be for positive numbers",
    "severity": "MAJOR",
    "status": "READY",
    "isTemplate": false,
    "tags": [],
    "sysTags": [
      "suspicious"
    ],
    "lang": "js",
    "langName": "JavaScript",
    "type": "CODE_SMELL"
  },
  {
    "key": "javascript:S2688",
    "name": "\"NaN\" should not be used in comparisons",
    "severity": "MAJOR",
    "status": "READY",
    "isTemplate": false,
    "tags": [],
    "sysTags": [],
    "lang": "js",
    "langName": "JavaScript",
    "type": "BUG"
  },
  {
    "key": "javascript:S2999",
    "name": "\"new\" operators should be used with functions",
    "severity": "MAJOR",
    "status": "READY",
    "isTemplate": false,
    "tags": [],
    "sysTags": [],
    "lang": "js",
    "langName": "JavaScript",
    "type": "BUG"
  },
  {
    "key": "javascript:S1539",
    "name": "\"strict\" mode should be used with caution",
    "severity": "CRITICAL",
    "status": "READY",
    "isTemplate": false,
    "tags": [],
    "sysTags": [
      "cross-browser",
      "user-experience"
    ],
    "lang": "js",
    "langName": "JavaScript",
    "type": "CODE_SMELL"
  },
  {
    "key": "javascript:S3854",
    "name": "\"super()\" should be invoked appropriately",
    "severity": "CRITICAL",
    "status": "READY",
    "isTemplate": false,
    "tags": [],
    "sysTags": [],
    "lang": "js",
    "langName": "JavaScript",
    "type": "BUG"
  },
  {
    "key": "javascript:S131",
    "name": "\"switch\" statements should have \"default\" clauses",
    "severity": "CRITICAL",
    "status": "READY",
    "isTemplate": false,
    "tags": [],
    "sysTags": [
      "cwe"
    ],
    "lang": "js",
    "langName": "JavaScript",
    "type": "CODE_SMELL"
  },
  {
    "key": "javascript:S1301",
    "name": "\"switch\" statements should have at least 3 \"case\" clauses",
    "severity": "MINOR",
    "status": "READY",
    "isTemplate": false,
    "tags": [],
    "sysTags": [
      "bad-practice"
    ],
    "lang": "js",
    "langName": "JavaScript",
    "type": "CODE_SMELL"
  },
  {
    "key": "javascript:S1821",
    "name": "\"switch\" statements should not be nested",
    "severity": "CRITICAL",
    "status": "READY",
    "isTemplate": false,
    "tags": [],
    "sysTags": [
      "pitfall"
    ],
    "lang": "js",
    "langName": "JavaScript",
    "type": "CODE_SMELL"
  },
  {
    "key": "javascript:S1219",
    "name": "\"switch\" statements should not contain non-case labels",
    "severity": "BLOCKER",
    "status": "READY",
    "isTemplate": false,
    "tags": [],
    "sysTags": [
      "suspicious"
    ],
    "lang": "js",
    "langName": "JavaScript",
    "type": "CODE_SMELL"
  },
  {
    "key": "javascript:S1479",
    "name": "\"switch\" statements should not have too many \"case\" clauses",
    "severity": "MAJOR",
    "status": "READY",
    "isTemplate": false,
    "tags": [],
    "sysTags": [
      "brain-overload"
    ],
    "lang": "js",
    "langName": "JavaScript",
    "type": "CODE_SMELL"
  },
  {
    "key": "javascript:S3834",
    "name": "\"Symbol\" should not be used as a constructor",
    "severity": "CRITICAL",
    "status": "READY",
    "isTemplate": false,
    "tags": [],
    "sysTags": [
      "es2015"
    ],
    "lang": "js",
    "langName": "JavaScript",
    "type": "BUG"
  },
  {
    "key": "javascript:S2138",
    "name": "\"undefined\" should not be assigned",
    "severity": "MINOR",
    "status": "READY",
    "isTemplate": false,
    "tags": [],
    "sysTags": [
      "suspicious"
    ],
    "lang": "js",
    "langName": "JavaScript",
    "type": "CODE_SMELL"
  },
  {
    "key": "javascript:S3735",
    "name": "\"void\" should not be used",
    "severity": "CRITICAL",
    "status": "READY",
    "isTemplate": false,
    "tags": [],
    "sysTags": [
      "confusing"
    ],
    "lang": "js",
    "langName": "JavaScript",
    "type": "CODE_SMELL"
  },
  {
    "key": "javascript:S1321",
    "name": "\"with\" statements should not be used",
    "severity": "MINOR",
    "status": "READY",
    "isTemplate": false,
    "tags": [],
    "sysTags": [],
    "lang": "js",
    "langName": "JavaScript",
    "type": "BUG"
  },
  {
    "key": "javascript:S2251",
    "name": "A \"for\" loop update clause should move the counter in the right direction",
    "severity": "MAJOR",
    "status": "READY",
    "isTemplate": false,
    "tags": [],
    "sysTags": [],
    "lang": "js",
    "langName": "JavaScript",
    "type": "BUG"
  },
  {
    "key": "javascript:S1264",
    "name": "A \"while\" loop should be used instead of a \"for\" loop",
    "severity": "MINOR",
    "status": "READY",
    "isTemplate": false,
    "tags": [],
    "sysTags": [
      "clumsy"
    ],
    "lang": "js",
    "langName": "JavaScript",
    "type": "CODE_SMELL"
  },
  {
    "key": "javascript:S2871",
    "name": "A compare function should be provided when using \"Array.prototype.sort()\"",
    "severity": "CRITICAL",
    "status": "READY",
    "isTemplate": false,
    "tags": [],
    "sysTags": [
      "bad-practice"
    ],
    "lang": "js",
    "langName": "JavaScript",
    "type": "BUG"
  },
  {
    "key": "javascript:S3973",
    "name": "A conditionally executed single line should be denoted by indentation",
    "severity": "CRITICAL",
    "status": "READY",
    "isTemplate": false,
    "tags": [],
    "sysTags": [
      "confusing",
      "suspicious"
    ],
    "lang": "js",
    "langName": "JavaScript",
    "type": "CODE_SMELL"
  },
  {
    "key": "javascript:S5876",
    "name": "A new session should be created during user authentication",
    "severity": "CRITICAL",
    "status": "READY",
    "isTemplate": false,
    "tags": [],
    "sysTags": [
      "cwe",
      "owasp-a2"
    ],
    "lang": "js",
    "langName": "JavaScript",
    "type": "VULNERABILITY"
  },
  {
    "key": "javascript:S3923",
    "name": "All branches in a conditional structure should not have exactly the same implementation",
    "severity": "MAJOR",
    "status": "READY",
    "isTemplate": false,
    "tags": [],
    "sysTags": [],
    "lang": "js",
    "langName": "JavaScript",
    "type": "BUG"
  },
  {
    "key": "javascript:S1763",
    "name": "All code should be reachable",
    "severity": "MAJOR",
    "status": "READY",
    "isTemplate": false,
    "tags": [],
    "sysTags": [
      "cwe",
      "unused"
    ],
    "lang": "js",
    "langName": "JavaScript",
    "type": "BUG"
  },
  {
    "key": "javascript:S5743",
    "name": "Allowing browsers to perform DNS prefetching  is security-sensitive",
    "severity": "MINOR",
    "status": "READY",
    "isTemplate": false,
    "tags": [],
    "sysTags": [
      "express.js",
      "owasp-a3",
      "privacy"
    ],
    "lang": "js",
    "langName": "JavaScript",
    "type": "SECURITY_HOTSPOT"
  },
  {
    "key": "javascript:S5734",
    "name": "Allowing browsers to sniff MIME types is security-sensitive",
    "severity": "MINOR",
    "status": "READY",
    "isTemplate": false,
    "tags": [],
    "sysTags": [
      "express.js",
      "owasp-a6"
    ],
    "lang": "js",
    "langName": "JavaScript",
    "type": "SECURITY_HOTSPOT"
  },
  {
    "key": "javascript:S5757",
    "name": "Allowing confidential information to be logged is security-sensitive",
    "severity": "MINOR",
    "status": "READY",
    "isTemplate": false,
    "tags": [],
    "sysTags": [
      "cwe",
      "owasp-a3",
      "privacy"
    ],
    "lang": "js",
    "langName": "JavaScript",
    "type": "SECURITY_HOTSPOT"
  },
  {
    "key": "javascript:S5730",
    "name": "Allowing mixed-content is security-sensitive",
    "severity": "MINOR",
    "status": "READY",
    "isTemplate": false,
    "tags": [],
    "sysTags": [
      "express.js",
      "owasp-a3"
    ],
    "lang": "js",
    "langName": "JavaScript",
    "type": "SECURITY_HOTSPOT"
  },
  {
    "key": "javascript:S5693",
    "name": "Allowing requests with excessive content length is security-sensitive",
    "severity": "MAJOR",
    "status": "READY",
    "isTemplate": false,
    "tags": [],
    "sysTags": [
      "cwe",
      "express.js",
      "owasp-a6"
    ],
    "lang": "js",
    "langName": "JavaScript",
    "type": "SECURITY_HOTSPOT"
  },
  {
    "key": "javascript:S1105",
    "name": "An open curly brace should be located at the end of a line",
    "severity": "MINOR",
    "status": "READY",
    "isTemplate": false,
    "tags": [],
    "sysTags": [
      "convention"
    ],
    "lang": "js",
    "langName": "JavaScript",
    "type": "CODE_SMELL"
  },
  {
    "key": "javascript:S3782",
    "name": "Arguments to built-in functions should match documented types",
    "severity": "MAJOR",
    "status": "READY",
    "isTemplate": false,
    "tags": [],
    "sysTags": [],
    "lang": "js",
    "langName": "JavaScript",
    "type": "CODE_SMELL"
  },
  {
    "key": "javascript:S3757",
    "name": "Arithmetic operations should not result in \"NaN\"",
    "severity": "MAJOR",
    "status": "READY",
    "isTemplate": false,
    "tags": [],
    "sysTags": [],
    "lang": "js",
    "langName": "JavaScript",
    "type": "CODE_SMELL"
  },
  {
    "key": "javascript:S3760",
    "name": "Arithmetic operators should only have numbers as operands",
    "severity": "MAJOR",
    "status": "READY",
    "isTemplate": false,
    "tags": [],
    "sysTags": [
      "confusing"
    ],
    "lang": "js",
    "langName": "JavaScript",
    "type": "CODE_SMELL"
  },
  {
    "key": "javascript:S1528",
    "name": "Array constructors should not be used",
    "severity": "MINOR",
    "status": "READY",
    "isTemplate": false,
    "tags": [],
    "sysTags": [
      "suspicious"
    ],
    "lang": "js",
    "langName": "JavaScript",
    "type": "CODE_SMELL"
  },
  {
    "key": "javascript:S3579",
    "name": "Array indexes should be numeric",
    "severity": "MAJOR",
    "status": "READY",
    "isTemplate": false,
    "tags": [],
    "sysTags": [
      "bad-practice"
    ],
    "lang": "js",
    "langName": "JavaScript",
    "type": "CODE_SMELL"
  },
  {
    "key": "javascript:S4043",
    "name": "Array-mutating methods should not be used misleadingly",
    "severity": "MAJOR",
    "status": "READY",
    "isTemplate": false,
    "tags": [],
    "sysTags": [],
    "lang": "js",
    "langName": "JavaScript",
    "type": "CODE_SMELL"
  },
  {
    "key": "javascript:S1121",
    "name": "Assignments should not be made from within sub-expressions",
    "severity": "MAJOR",
    "status": "READY",
    "isTemplate": false,
    "tags": [],
    "sysTags": [
      "cwe",
      "suspicious"
    ],
    "lang": "js",
    "langName": "JavaScript",
    "type": "CODE_SMELL"
  },
  {
    "key": "javascript:S4165",
    "name": "Assignments should not be redundant",
    "severity": "MAJOR",
    "status": "READY",
    "isTemplate": false,
    "tags": [],
    "sysTags": [
      "redundant"
    ],
    "lang": "js",
    "langName": "JavaScript",
    "type": "CODE_SMELL"
  },
  {
    "key": "javascript:S3500",
    "name": "Attempts should not be made to update \"const\" variables",
    "severity": "MAJOR",
    "status": "READY",
    "isTemplate": false,
    "tags": [],
    "sysTags": [
      "es2015"
    ],
    "lang": "js",
    "langName": "JavaScript",
    "type": "BUG"
  },
  {
    "key": "javascript:S1529",
    "name": "Bitwise operators should not be used in boolean contexts",
    "severity": "MAJOR",
    "status": "READY",
    "isTemplate": false,
    "tags": [],
    "sysTags": [],
    "lang": "js",
    "langName": "JavaScript",
    "type": "BUG"
  },
  {
    "key": "javascript:S1940",
    "name": "Boolean checks should not be inverted",
    "severity": "MINOR",
    "status": "READY",
    "isTemplate": false,
    "tags": [],
    "sysTags": [
      "pitfall"
    ],
    "lang": "js",
    "langName": "JavaScript",
    "type": "CODE_SMELL"
  },
  {
    "key": "javascript:S2589",
    "name": "Boolean expressions should not be gratuitous",
    "severity": "MAJOR",
    "status": "READY",
    "isTemplate": false,
    "tags": [],
    "sysTags": [
      "cwe",
      "redundant",
      "suspicious"
    ],
    "lang": "js",
    "langName": "JavaScript",
    "type": "CODE_SMELL"
  },
  {
    "key": "javascript:S1125",
    "name": "Boolean literals should not be used in comparisons",
    "severity": "MINOR",
    "status": "READY",
    "isTemplate": false,
    "tags": [],
    "sysTags": [
      "clumsy"
    ],
    "lang": "js",
    "langName": "JavaScript",
    "type": "CODE_SMELL"
  },
  {
    "key": "javascript:S3524",
    "name": "Braces and parentheses should be used consistently with arrow functions",
    "severity": "MINOR",
    "status": "READY",
    "isTemplate": false,
    "tags": [],
    "sysTags": [
      "convention",
      "es2015"
    ],
    "lang": "js",
    "langName": "JavaScript",
    "type": "CODE_SMELL"
  },
  {
    "key": "common-js:InsufficientBranchCoverage",
    "name": "Branches should have sufficient coverage by tests",
    "severity": "MAJOR",
    "status": "READY",
    "isTemplate": false,
    "tags": [],
    "sysTags": [
      "bad-practice"
    ],
    "lang": "js",
    "langName": "JavaScript",
    "type": "CODE_SMELL"
  },
  {
    "key": "javascript:S2424",
    "name": "Built-in objects should not be overridden",
    "severity": "MAJOR",
    "status": "READY",
    "isTemplate": false,
    "tags": [],
    "sysTags": [
      "confusing"
    ],
    "lang": "js",
    "langName": "JavaScript",
    "type": "BUG"
  },
  {
    "key": "javascript:S3796",
    "name": "Callbacks of array methods should have return statements",
    "severity": "BLOCKER",
    "status": "READY",
    "isTemplate": false,
    "tags": [],
    "sysTags": [],
    "lang": "js",
    "langName": "JavaScript",
    "type": "BUG"
  },
  {
    "key": "javascript:S5547",
    "name": "Cipher algorithms should be robust",
    "severity": "CRITICAL",
    "status": "READY",
    "isTemplate": false,
    "tags": [],
    "sysTags": [
      "cwe",
      "owasp-a3",
      "owasp-a6",
      "privacy",
      "sans-top25-porous"
    ],
    "lang": "js",
    "langName": "JavaScript",
    "type": "VULNERABILITY"
  },
  {
    "key": "javascript:S3525",
    "name": "Class methods should be used instead of \"prototype\" assignments",
    "severity": "CRITICAL",
    "status": "READY",
    "isTemplate": false,
    "tags": [],
    "sysTags": [
      "es2015"
    ],
    "lang": "js",
    "langName": "JavaScript",
    "type": "CODE_SMELL"
  },
  {
    "key": "javascript:S101",
    "name": "Class names should comply with a naming convention",
    "severity": "MINOR",
    "status": "READY",
    "isTemplate": false,
    "tags": [],
    "sysTags": [
      "convention"
    ],
    "lang": "js",
    "langName": "JavaScript",
    "type": "CODE_SMELL"
  },
  {
    "key": "javascript:S3776",
    "name": "Cognitive Complexity of functions should not be too high",
    "severity": "CRITICAL",
    "status": "READY",
    "isTemplate": false,
    "tags": [],
    "sysTags": [
      "brain-overload"
    ],
    "lang": "js",
    "langName": "JavaScript",
    "type": "CODE_SMELL"
  },
  {
    "key": "javascript:S1066",
    "name": "Collapsible \"if\" statements should be merged",
    "severity": "MAJOR",
    "status": "READY",
    "isTemplate": false,
    "tags": [],
    "sysTags": [
      "clumsy"
    ],
    "lang": "js",
    "langName": "JavaScript",
    "type": "CODE_SMELL"
  },
  {
    "key": "javascript:S4030",
    "name": "Collection and array contents should be used",
    "severity": "MAJOR",
    "status": "READY",
    "isTemplate": false,
    "tags": [],
    "sysTags": [
      "suspicious",
      "unused"
    ],
    "lang": "js",
    "langName": "JavaScript",
    "type": "CODE_SMELL"
  },
  {
    "key": "javascript:S4143",
    "name": "Collection elements should not be replaced unconditionally",
    "severity": "MAJOR",
    "status": "READY",
    "isTemplate": false,
    "tags": [],
    "sysTags": [
      "suspicious"
    ],
    "lang": "js",
    "langName": "JavaScript",
    "type": "BUG"
  },
  {
    "key": "javascript:S3981",
    "name": "Collection sizes and array length comparisons should make sense",
    "severity": "MAJOR",
    "status": "READY",
    "isTemplate": false,
    "tags": [],
    "sysTags": [],
    "lang": "js",
    "langName": "JavaScript",
    "type": "BUG"
  },
  {
    "key": "javascript:S3616",
    "name": "Comma and logical OR operators should not be used in switch cases",
    "severity": "MAJOR",
    "status": "READY",
    "isTemplate": false,
    "tags": [],
    "sysTags": [],
    "lang": "js",
    "langName": "JavaScript",
    "type": "BUG"
  },
  {
    "key": "javascript:S878",
    "name": "Comma operator should not be used",
    "severity": "MAJOR",
    "status": "READY",
    "isTemplate": false,
    "tags": [],
    "sysTags": [],
    "lang": "js",
    "langName": "JavaScript",
    "type": "CODE_SMELL"
  },
  {
    "key": "javascript:S139",
    "name": "Comments should not be located at the end of lines of code",
    "severity": "MINOR",
    "status": "READY",
    "isTemplate": false,
    "tags": [],
    "sysTags": [
      "convention"
    ],
    "lang": "js",
    "langName": "JavaScript",
    "type": "CODE_SMELL"
  },
  {
    "key": "javascript:S3003",
    "name": "Comparison operators should not be used with strings",
    "severity": "MAJOR",
    "status": "READY",
    "isTemplate": false,
    "tags": [],
    "sysTags": [],
    "lang": "js",
    "langName": "JavaScript",
    "type": "CODE_SMELL"
  },
  {
    "key": "javascript:S3972",
    "name": "Conditionals should start on new lines",
    "severity": "CRITICAL",
    "status": "READY",
    "isTemplate": false,
    "tags": [],
    "sysTags": [
      "suspicious"
    ],
    "lang": "js",
    "langName": "JavaScript",
    "type": "CODE_SMELL"
  },
  {
    "key": "javascript:S134",
    "name": "Control flow statements \"if\", \"for\", \"while\", \"switch\" and \"try\" should not be nested too deeply",
    "severity": "CRITICAL",
    "status": "READY",
    "isTemplate": false,
    "tags": [],
    "sysTags": [
      "brain-overload"
    ],
    "lang": "js",
    "langName": "JavaScript",
    "type": "CODE_SMELL"
  },
  {
    "key": "javascript:S121",
    "name": "Control structures should use curly braces",
    "severity": "CRITICAL",
    "status": "READY",
    "isTemplate": false,
    "tags": [],
    "sysTags": [
      "pitfall"
    ],
    "lang": "js",
    "langName": "JavaScript",
    "type": "CODE_SMELL"
  },
  {
    "key": "javascript:S3330",
    "name": "Creating cookies without the \"HttpOnly\" flag is security-sensitive",
    "severity": "MINOR",
    "status": "READY",
    "isTemplate": false,
    "tags": [],
    "sysTags": [
      "cwe",
      "express.js",
      "owasp-a7",
      "privacy",
      "sans-top25-insecure"
    ],
    "lang": "js",
    "langName": "JavaScript",
    "type": "SECURITY_HOTSPOT"
  },
  {
    "key": "javascript:S2092",
    "name": "Creating cookies without the \"secure\" flag is security-sensitive",
    "severity": "MINOR",
    "status": "READY",
    "isTemplate": false,
    "tags": [],
    "sysTags": [
      "cwe",
      "express.js",
      "owasp-a3",
      "privacy",
      "sans-top25-porous"
    ],
    "lang": "js",
    "langName": "JavaScript",
    "type": "SECURITY_HOTSPOT"
  },
  {
    "key": "javascript:S4426",
    "name": "Cryptographic keys should be robust",
    "severity": "BLOCKER",
    "status": "READY",
    "isTemplate": false,
    "tags": [],
    "sysTags": [
      "cwe",
      "owasp-a3",
      "owasp-a6",
      "privacy"
    ],
    "lang": "js",
    "langName": "JavaScript",
    "type": "VULNERABILITY"
  },
  {
    "key": "javascript:S1541",
    "name": "Cyclomatic Complexity of functions should not be too high",
    "severity": "CRITICAL",
    "status": "READY",
    "isTemplate": false,
    "tags": [],
    "sysTags": [
      "brain-overload"
    ],
    "lang": "js",
    "langName": "JavaScript",
    "type": "CODE_SMELL"
  },
  {
    "key": "javascript:S1525",
    "name": "Debugger statements should not be used",
    "severity": "MINOR",
    "status": "DEPRECATED",
    "isTemplate": false,
    "tags": [],
    "sysTags": [],
    "lang": "js",
    "langName": "JavaScript",
    "type": "VULNERABILITY"
  },
  {
    "key": "javascript:S3317",
    "name": "Default export names and file names should match",
    "severity": "MINOR",
    "status": "READY",
    "isTemplate": false,
    "tags": [],
    "sysTags": [
      "confusing",
      "convention",
      "es2015"
    ],
    "lang": "js",
    "langName": "JavaScript",
    "type": "CODE_SMELL"
  },
  {
    "key": "javascript:S4507",
    "name": "Delivering code in production with debug features activated is security-sensitive",
    "severity": "MINOR",
    "status": "READY",
    "isTemplate": false,
    "tags": [],
    "sysTags": [
      "cwe",
      "debug",
      "error-handling",
      "express.js",
      "owasp-a3",
      "user-experience"
    ],
    "lang": "js",
    "langName": "JavaScript",
    "type": "SECURITY_HOTSPOT"
  },
  {
    "key": "javascript:S3799",
    "name": "Destructuring patterns should not be empty",
    "severity": "MAJOR",
    "status": "READY",
    "isTemplate": false,
    "tags": [],
    "sysTags": [],
    "lang": "js",
    "langName": "JavaScript",
    "type": "BUG"
  },
  {
    "key": "javascript:S3514",
    "name": "Destructuring syntax should be used for assignments",
    "severity": "MINOR",
    "status": "READY",
    "isTemplate": false,
    "tags": [],
    "sysTags": [
      "clumsy",
      "es2015"
    ],
    "lang": "js",
    "langName": "JavaScript",
    "type": "CODE_SMELL"
  },
  {
    "key": "javascript:S5247",
    "name": "Disabling auto-escaping in template engines is security-sensitive",
    "severity": "MAJOR",
    "status": "READY",
    "isTemplate": false,
    "tags": [],
    "sysTags": [
      "cwe",
      "owasp-a7"
    ],
    "lang": "js",
    "langName": "JavaScript",
    "type": "SECURITY_HOTSPOT"
  },
  {
    "key": "javascript:S5742",
    "name": "Disabling Certificate Transparency monitoring is security-sensitive",
    "severity": "MINOR",
    "status": "READY",
    "isTemplate": false,
    "tags": [],
    "sysTags": [
      "cwe",
      "express.js",
      "owasp-a3"
    ],
    "lang": "js",
    "langName": "JavaScript",
    "type": "SECURITY_HOTSPOT"
  },
  {
    "key": "javascript:S5728",
    "name": "Disabling content security policy fetch directives is security-sensitive",
    "severity": "MINOR",
    "status": "READY",
    "isTemplate": false,
    "tags": [],
    "sysTags": [
      "express.js",
      "owasp-a6"
    ],
    "lang": "js",
    "langName": "JavaScript",
    "type": "SECURITY_HOTSPOT"
  },
  {
    "key": "javascript:S5732",
    "name": "Disabling content security policy frame-ancestors directive is security-sensitive",
    "severity": "MINOR",
    "status": "READY",
    "isTemplate": false,
    "tags": [],
    "sysTags": [
      "cwe",
      "express.js",
      "owasp-a6"
    ],
    "lang": "js",
    "langName": "JavaScript",
    "type": "SECURITY_HOTSPOT"
  },
  {
    "key": "javascript:S4502",
    "name": "Disabling CSRF protections is security-sensitive",
    "severity": "CRITICAL",
    "status": "READY",
    "isTemplate": false,
    "tags": [],
    "sysTags": [
      "cwe",
      "express.js",
      "owasp-a6",
      "sans-top25-insecure"
    ],
    "lang": "js",
    "langName": "JavaScript",
    "type": "SECURITY_HOTSPOT"
  },
  {
    "key": "javascript:S5725",
    "name": "Disabling resource integrity features is security-sensitive",
    "severity": "MINOR",
    "status": "READY",
    "isTemplate": false,
    "tags": [],
    "sysTags": [
      "cwe",
      "owasp-a6"
    ],
    "lang": "js",
    "langName": "JavaScript",
    "type": "SECURITY_HOTSPOT"
  },
  {
    "key": "javascript:S5736",
    "name": "Disabling strict HTTP no-referrer policy is security-sensitive",
    "severity": "MINOR",
    "status": "READY",
    "isTemplate": false,
    "tags": [],
    "sysTags": [
      "cwe",
      "express.js",
      "owasp-a3"
    ],
    "lang": "js",
    "langName": "JavaScript",
    "type": "SECURITY_HOTSPOT"
  },
  {
    "key": "javascript:S5739",
    "name": "Disabling Strict-Transport-Security policy is security-sensitive",
    "severity": "MINOR",
    "status": "READY",
    "isTemplate": false,
    "tags": [],
    "sysTags": [
      "cwe",
      "express.js",
      "owasp-a3"
    ],
    "lang": "js",
    "langName": "JavaScript",
    "type": "SECURITY_HOTSPOT"
  },
  {
    "key": "javascript:S5689",
    "name": "Disclosing fingerprints from web application technologies is security-sensitive",
    "severity": "MINOR",
    "status": "READY",
    "isTemplate": false,
    "tags": [],
    "sysTags": [
      "cwe",
      "express.js",
      "owasp-a6"
    ],
    "lang": "js",
    "langName": "JavaScript",
    "type": "SECURITY_HOTSPOT"
  },
  {
    "key": "javascript:S1523",
    "name": "Dynamically executing code is security-sensitive",
    "severity": "CRITICAL",
    "status": "READY",
    "isTemplate": false,
    "tags": [],
    "sysTags": [
      "cwe",
      "owasp-a1"
    ],
    "lang": "js",
    "langName": "JavaScript",
    "type": "SECURITY_HOTSPOT"
  },
  {
    "key": "javascript:S4158",
    "name": "Empty collections should not be accessed or iterated",
    "severity": "MINOR",
    "status": "READY",
    "isTemplate": false,
    "tags": [],
    "sysTags": [],
    "lang": "js",
    "langName": "JavaScript",
    "type": "BUG"
  },
  {
    "key": "javascript:S4787",
    "name": "Encrypting data is security-sensitive",
    "severity": "CRITICAL",
    "status": "DEPRECATED",
    "isTemplate": false,
    "tags": [],
    "sysTags": [],
    "lang": "js",
    "langName": "JavaScript",
    "type": "SECURITY_HOTSPOT"
  }
]