[
  {
    "key": "common-xml:InsufficientBranchCoverage",
    "name": "Branches should have sufficient coverage by tests",
    "severity": "MAJOR",
    "status": "READY",
    "isTemplate": false,
    "tags": [],
    "sysTags": [
      "bad-practice"
    ],
    "lang": "xml",
    "langName": "XML",
    "type": "CODE_SMELL"
  },
  {
    "key": "common-xml:FailedUnitTests",
    "name": "Failed unit tests should be fixed",
    "severity": "MAJOR",
    "status": "READY",
    "isTemplate": false,
    "tags": [],
    "sysTags": [],
    "lang": "xml",
    "langName": "XML",
    "type": "BUG"
  },
  {
    "key": "common-xml:InsufficientLineCoverage",
    "name": "Lines should have sufficient coverage by tests",
    "severity": "MAJOR",
    "status": "READY",
    "isTemplate": false,
    "tags": [],
    "sysTags": [
      "bad-practice"
    ],
    "lang": "xml",
    "langName": "XML",
    "type": "CODE_SMELL"
  },
  {
    "key": "xml:S103",
    "name": "Lines should not be too long",
    "severity": "MAJOR",
    "status": "READY",
    "isTemplate": false,
    "tags": [],
    "sysTags": [
      "convention"
    ],
    "lang": "xml",
    "langName": "XML",
    "type": "CODE_SMELL"
  },
  {
    "key": "xml:NewlineCheck",
    "name": "Newlines should follow each element",
    "severity": "MAJOR",
    "status": "READY",
    "isTemplate": false,
    "tags": [],
    "sysTags": [],
    "lang": "xml",
    "langName": "XML",
    "type": "CODE_SMELL"
  },
  {
    "key": "xml:S125",
    "name": "Sections of code should not be commented out",
    "severity": "MAJOR",
    "status": "READY",
    "isTemplate": false,
    "tags": [],
    "sysTags": [
      "misra",
      "unused"
    ],
    "lang": "xml",
    "langName": "XML",
    "type": "CODE_SMELL"
  },
  {
    "key": "common-xml:SkippedUnitTests",
    "name": "Skipped unit tests should be either removed or fixed",
    "severity": "MAJOR",
    "status": "READY",
    "isTemplate": false,
    "tags": [],
    "sysTags": [
      "pitfall"
    ],
    "lang": "xml",
    "langName": "XML",
    "type": "CODE_SMELL"
  },
  {
    "key": "xml:IndentCheck",
    "name": "Source code should be indented consistently",
    "severity": "MINOR",
    "status": "READY",
    "isTemplate": false,
    "tags": [],
    "sysTags": [
      "style"
    ],
    "lang": "xml",
    "langName": "XML",
    "type": "CODE_SMELL"
  },
  {
    "key": "common-xml:InsufficientCommentDensity",
    "name": "Source files should have a sufficient density of comment lines",
    "severity": "MAJOR",
    "status": "READY",
    "isTemplate": false,
    "tags": [],
    "sysTags": [
      "convention"
    ],
    "lang": "xml",
    "langName": "XML",
    "type": "CODE_SMELL"
  },
  {
    "key": "common-xml:DuplicatedBlocks",
    "name": "Source files should not have any duplicated blocks",
    "severity": "MAJOR",
    "status": "READY",
    "isTemplate": false,
    "tags": [],
    "sysTags": [
      "pitfall"
    ],
    "lang": "xml",
    "langName": "XML",
    "type": "CODE_SMELL"
  },
  {
    "key": "xml:IllegalTabCheck",
    "name": "Tabulation characters should not be used",
    "severity": "MINOR",
    "status": "READY",
    "isTemplate": false,
    "tags": [],
    "sysTags": [
      "convention"
    ],
    "lang": "xml",
    "langName": "XML",
    "type": "CODE_SMELL"
  },
  {
    "key": "xml:XPathCheck",
    "name": "Track breaches of an XPath rule",
    "severity": "MAJOR",
    "status": "READY",
    "isTemplate": true,
    "tags": [],
    "sysTags": [],
    "lang": "xml",
    "langName": "XML",
    "type": "CODE_SMELL"
  },
  {
    "key": "xml:S1134",
    "name": "Track uses of \"FIXME\" tags",
    "severity": "MAJOR",
    "status": "READY",
    "isTemplate": false,
    "tags": [],
    "sysTags": [
      "cwe"
    ],
    "lang": "xml",
    "langName": "XML",
    "type": "CODE_SMELL"
  },
  {
    "key": "xml:S1135",
    "name": "Track uses of \"TODO\" tags",
    "severity": "INFO",
    "status": "READY",
    "isTemplate": false,
    "tags": [],
    "sysTags": [
      "cwe"
    ],
    "lang": "xml",
    "langName": "XML",
    "type": "CODE_SMELL"
  },
  {
    "key": "xml:S1778",
    "name": "XML files containing a prolog header should start with \"<?xml\" characters",
    "severity": "CRITICAL",
    "status": "READY",
    "isTemplate": false,
    "tags": [],
    "sysTags": [],
    "lang": "xml",
    "langName": "XML",
    "type": "BUG"
  },
  {
    "key": "xml:S2260",
    "name": "XML parser failure",
    "severity": "MAJOR",
    "status": "READY",
    "isTemplate": false,
    "tags": [],
    "sysTags": [
      "suspicious"
    ],
    "lang": "xml",
    "langName": "XML",
    "type": "CODE_SMELL"
  }
]